route,brand_name,atc_vet_code,active_ingredients,manufacturer.name,p_recordID,Period,manufacturer.registration_number,dosage_form,used_according_to_label,off_label_use
Oral,MSK,QP52AB03,"[{'name': 'Dichlorvos', 'dose': {'numerator': '1', 'numerator_unit': 'Unknown', 'denominator': '1', 'denominator_unit': 'Unknown'}}]",MSK,-USFDACVM-2015-FN-000696,1987Q1,,,,
Oral,MSK,QJ01DB05,"[{'name': 'Cefadroxil', 'dose': {'numerator': '1', 'numerator_unit': 'Unknown', 'denominator': '1', 'denominator_unit': 'Unknown'}}]",MSK,USA-USFDACVM-2015-US-059106,1987Q1,USA-USFDACVM-N119688,,,
Intravenous,MSK,QN05AA04,"[{'name': 'Acepromazine Maleate', 'dose': {'numerator': '1', 'numerator_unit': 'Unknown', 'denominator': '1', 'denominator_unit': 'Unknown'}}]",MSK,USA-USFDACVM-2015-US-018612,1987Q1,USA-USFDACVM-N015030,Solution,,
,MSK,,"[{'dose': {'numerator': '1', 'numerator_unit': 'Unknown', 'denominator': '1', 'denominator_unit': 'Unknown'}}]",MSK,USA-USFDACVM-2015-US-018612,1987Q1,,,,
Oral,MSK,QP52AC13,"[{'name': 'Fenbendazole', 'dose': {'numerator': '1', 'numerator_unit': 'Unknown', 'denominator': '1', 'denominator_unit': 'Unknown'}}]",MSK,USA-USFDACVM-2015-US-062441,1987Q1,USA-USFDACVM-N121473,Granule,,
,MSK,,"[{'dose': {'numerator': '1', 'numerator_unit': 'Unknown', 'denominator': '1', 'denominator_unit': 'Unknown'}}]",MSK,USA-USFDACVM-2015-US-062441,1987Q1,,,,
Oral,MSK,QP52AC09,"[{'name': 'Mebendazole', 'dose': {'numerator': '1', 'numerator_unit': 'Unknown', 'denominator': '1', 'denominator_unit': 'Unknown'}}]",MSK,USA-USFDACVM-2015-US-052065,1987Q1,USA-USFDACVM-N102987,Powder,,
,MSK,,"[{'dose': {'numerator': '1', 'numerator_unit': 'Unknown', 'denominator': '1', 'denominator_unit': 'Unknown'}}]",MSK,USA-USFDACVM-2015-US-052065,1987Q1,,,,
Oral,MSK,QP52AC57,"[{'name': 'Diethylcarbamazine, Oxibendazole', 'dose': {'numerator': '1', 'numerator_unit': 'Unknown', 'denominator': '1', 'denominator_unit': 'Unknown'}}]",MSK,USA-USFDACVM-2015-US-068286,1987Q1,USA-USFDACVM-N136483,Tablet,,
,MSK,,"[{'dose': {'numerator': '1', 'numerator_unit': 'Unknown', 'denominator': '1', 'denominator_unit': 'Unknown'}}]",MSK,USA-USFDACVM-2015-US-068286,1987Q1,,,,
Oral,MSK,QP52AC59,"[{'name': 'Mebendazole, Trichlorfon', 'dose': {'numerator': '1', 'numerator_unit': 'Unknown', 'denominator': '1', 'denominator_unit': 'Unknown'}}]",MSK,USA-USFDACVM-2015-US-070337,1987Q1,USA-USFDACVM-N138954,Paste,,
,MSK,,"[{'dose': {'numerator': '1', 'numerator_unit': 'Unknown', 'denominator': '1', 'denominator_unit': 'Unknown'}}]",MSK,USA-USFDACVM-2015-US-070337,1987Q1,,,,
Oral,MSK,QP54AA01,"[{'name': 'Ivermectin', 'dose': {'numerator': '1', 'numerator_unit': 'Unknown', 'denominator': '1', 'denominator_unit': 'Unknown'}}]",MSK,-USFDACVM-2015-FN-003146,1987Q1,USA-USFDACVM-N138412,Tablet,,
Oral,MSK,QP54AA01,"[{'name': 'Ivermectin', 'dose': {'numerator': '1', 'numerator_unit': 'Unknown', 'denominator': '1', 'denominator_unit': 'Unknown'}}]",MSK,USA-USFDACVM-2015-US-069541,1987Q1,USA-USFDACVM-N138412,Tablet,,
Oral,MSK,QP51AH03,"[{'name': 'Monensin', 'dose': {'numerator': '1', 'numerator_unit': 'Unknown', 'denominator': '1', 'denominator_unit': 'Unknown'}}]",MSK,USA-USFDACVM-2015-US-047031,1987Q1,,,,
,MSK,,"[{'dose': {'numerator': '1', 'numerator_unit': 'Unknown', 'denominator': '1', 'denominator_unit': 'Unknown'}}]",MSK,USA-USFDACVM-2015-US-047031,1987Q1,,,,
Subcutaneous,MSK,QP54AA01,"[{'name': 'Ivermectin', 'dose': {'numerator': '1', 'numerator_unit': 'Unknown', 'denominator': '1', 'denominator_unit': 'Unknown'}}]",MSK,USA-USFDACVM-2015-US-066370,1987Q1,USA-USFDACVM-N135008,,,
Intramammary,MSK,QJ51DB08,"[{'name': 'Cephapirin Sodium', 'dose': {'numerator': '1', 'numerator_unit': 'Unknown', 'denominator': '1', 'denominator_unit': 'Unknown'}}]",MSK,USA-USFDACVM-2015-US-048935,1987Q1,USA-USFDACVM-N097222,Gel,,
Subcutaneous,MSK,QN02AB73,"[{'name': 'Droperidol, Fentanyl', 'dose': {'numerator': '1', 'numerator_unit': 'Unknown', 'denominator': '1', 'denominator_unit': 'Unknown'}}]",MSK,USA-USFDACVM-2015-US-029254,1987Q1,USA-USFDACVM-N030438,Solution,,
Oral,MSK,QP52AC57,"[{'name': 'Diethylcarbamazine, Oxibendazole', 'dose': {'numerator': '1', 'numerator_unit': 'Unknown', 'denominator': '1', 'denominator_unit': 'Unknown'}}]",MSK,USA-USFDACVM-2015-US-068312,1987Q1,USA-USFDACVM-N136483,Tablet,,
Oral,MSK,QP52AB03,"[{'name': 'Dichlorvos', 'dose': {'numerator': '1', 'numerator_unit': 'Unknown', 'denominator': '1', 'denominator_unit': 'Unknown'}}]",MSK,USA-USFDACVM-2015-US-032905,1987Q1,,,,
Intramuscular,MSK,QJ01CE09,"[{'name': 'Penicillin G Procaine', 'dose': {'numerator': '1', 'numerator_unit': 'Unknown', 'denominator': '1', 'denominator_unit': 'Unknown'}}]",MSK,USA-USFDACVM-2015-US-045379,1987Q1,USA-USFDACVM-N065110,Suspension,,
,MSK,,"[{'dose': {'numerator': '1', 'numerator_unit': 'Unknown', 'denominator': '1', 'denominator_unit': 'Unknown'}}]",MSK,USA-USFDACVM-2015-US-045379,1987Q1,,,,
Oral,MSK,QP52AC57,"[{'name': 'Diethylcarbamazine, Oxibendazole', 'dose': {'numerator': '1', 'numerator_unit': 'Unknown', 'denominator': '1', 'denominator_unit': 'Unknown'}}]",MSK,USA-USFDACVM-2015-US-068292,1987Q1,USA-USFDACVM-N136483,Tablet,,
Oral,MSK,QP52AC57,"[{'name': 'Diethylcarbamazine, Oxibendazole', 'dose': {'numerator': '1', 'numerator_unit': 'Unknown', 'denominator': '1', 'denominator_unit': 'Unknown'}}]",MSK,USA-USFDACVM-2015-US-068288,1987Q1,USA-USFDACVM-N136483,Tablet,,
Oral,MSK,QP51AH03,"[{'name': 'Monensin', 'dose': {'numerator': '1', 'numerator_unit': 'Unknown', 'denominator': '1', 'denominator_unit': 'Unknown'}}]",MSK,USA-USFDACVM-2015-US-047029,1987Q1,,,,
Oral,MSK,QP52AC57,"[{'name': 'Diethylcarbamazine, Oxibendazole', 'dose': {'numerator': '1', 'numerator_unit': 'Unknown', 'denominator': '1', 'denominator_unit': 'Unknown'}}]",MSK,USA-USFDACVM-2015-US-068298,1987Q1,USA-USFDACVM-N136483,Tablet,,
Oral,MSK,QA07AA92,"[{'name': 'Apramycin Sulfate', 'dose': {'numerator': '1', 'numerator_unit': 'Unknown', 'denominator': '1', 'denominator_unit': 'Unknown'}}]",MSK,USA-USFDACVM-2015-US-063251,1987Q1,USA-USFDACVM-N126050,,,
Oral,MSK,QP52AC57,"[{'name': 'Diethylcarbamazine, Oxibendazole', 'dose': {'numerator': '1', 'numerator_unit': 'Unknown', 'denominator': '1', 'denominator_unit': 'Unknown'}}]",MSK,USA-USFDACVM-2015-US-068268,1987Q1,USA-USFDACVM-N136483,Tablet,,
Oral,MSK,QP52AB03,"[{'name': 'Dichlorvos', 'dose': {'numerator': '1', 'numerator_unit': 'Unknown', 'denominator': '1', 'denominator_unit': 'Unknown'}}]",MSK,USA-USFDACVM-2015-US-032919,1987Q1,,,,
,MSK,,"[{'dose': {'numerator': '1', 'numerator_unit': 'Unknown', 'denominator': '1', 'denominator_unit': 'Unknown'}}]",MSK,USA-USFDACVM-2015-US-032919,1987Q1,,,,
Unknown,MSK,QN02AF01,"[{'name': 'Butorphanol Tartrate', 'dose': {'numerator': '1', 'numerator_unit': 'Unknown', 'denominator': '1', 'denominator_unit': 'Unknown'}}]",MSK,USA-USFDACVM-2015-US-066720,1987Q1,USA-USFDACVM-N135780,Injection,,
,MSK,,"[{'dose': {'numerator': '1', 'numerator_unit': 'Unknown', 'denominator': '1', 'denominator_unit': 'Unknown'}}]",MSK,USA-USFDACVM-2015-US-066720,1987Q1,,,,
Unknown,MSK,QH02AB04,"[{'name': 'Methylprednisolone Acetate', 'dose': {'numerator': '1', 'numerator_unit': 'Unknown', 'denominator': '1', 'denominator_unit': 'Unknown'}}]",MSK,USA-USFDACVM-2015-US-017403,1987Q1,USA-USFDACVM-N012204,Suspension,,
Intramammary,MSK,QJ51DB08,"[{'name': 'Cephapirin Sodium', 'dose': {'numerator': '1', 'numerator_unit': 'Unknown', 'denominator': '1', 'denominator_unit': 'Unknown'}}]",MSK,USA-USFDACVM-2015-US-048937,1987Q1,USA-USFDACVM-N097222,Gel,,
Oral,MSK,QP52AC57,"[{'name': 'Diethylcarbamazine, Oxibendazole', 'dose': {'numerator': '1', 'numerator_unit': 'Unknown', 'denominator': '1', 'denominator_unit': 'Unknown'}}]",MSK,USA-USFDACVM-2015-US-068296,1987Q1,USA-USFDACVM-N136483,Tablet,,
Oral,MSK,QP54AA01,"[{'name': 'Ivermectin', 'dose': {'numerator': '1', 'numerator_unit': 'Unknown', 'denominator': '1', 'denominator_unit': 'Unknown'}}]",MSK,-USFDACVM-2015-FN-003144,1987Q1,USA-USFDACVM-N138412,Tablet,,
Oral,MSK,QJ01CR02,"[{'name': 'Amoxicillin, Clavulanate', 'dose': {'numerator': '1', 'numerator_unit': 'Unknown', 'denominator': '1', 'denominator_unit': 'Unknown'}}]",MSK,USA-USFDACVM-2015-US-039762,1987Q1,USA-USFDACVM-N055099,Tablet,,
,MSK,,"[{'dose': {'numerator': '1', 'numerator_unit': 'Unknown', 'denominator': '1', 'denominator_unit': 'Unknown'}}]",MSK,USA-USFDACVM-2015-US-039762,1987Q1,,,,
Oral,MSK,QP52AC07,"[{'name': 'Oxibendazole', 'dose': {'numerator': '1', 'numerator_unit': 'Unknown', 'denominator': '1', 'denominator_unit': 'Unknown'}}]",MSK,USA-USFDACVM-2015-US-056713,1987Q1,USA-USFDACVM-N109722,,,
Oral,MSK,QP52AC57,"[{'name': 'Diethylcarbamazine, Oxibendazole', 'dose': {'numerator': '1', 'numerator_unit': 'Unknown', 'denominator': '1', 'denominator_unit': 'Unknown'}}]",MSK,USA-USFDACVM-2015-US-068306,1987Q1,USA-USFDACVM-N136483,Tablet,,
,MSK,,"[{'dose': {'numerator': '1', 'numerator_unit': 'Unknown', 'denominator': '1', 'denominator_unit': 'Unknown'}}]",MSK,USA-USFDACVM-2015-US-068306,1987Q1,,,,
Oral,MSK,QP54AA01,"[{'name': 'Ivermectin', 'dose': {'numerator': '1', 'numerator_unit': 'Unknown', 'denominator': '1', 'denominator_unit': 'Unknown'}}]",MSK,-USFDACVM-2015-FN-003142,1987Q1,USA-USFDACVM-N138412,Tablet,,
Unknown,MSK,QP54AA01,"[{'name': 'Ivermectin', 'dose': {'numerator': '1', 'numerator_unit': 'Unknown', 'denominator': '1', 'denominator_unit': 'Unknown'}}]",MSK,-USFDACVM-2015-FN-001492,1987Q1,USA-USFDACVM-N128409,Suspension,,
Oral,MSK,QP52AC59,"[{'name': 'Mebendazole, Trichlorfon', 'dose': {'numerator': '1', 'numerator_unit': 'Unknown', 'denominator': '1', 'denominator_unit': 'Unknown'}}]",MSK,USA-USFDACVM-2015-US-049917,1987Q1,USA-USFDACVM-N100402,Powder,,
Oral,MSK,QP54AA01,"[{'name': 'Ivermectin', 'dose': {'numerator': '1', 'numerator_unit': 'Unknown', 'denominator': '1', 'denominator_unit': 'Unknown'}}]",MSK,USA-USFDACVM-2015-US-063480,1987Q1,USA-USFDACVM-N128409,Suspension,,
,MSK,,"[{'dose': {'numerator': '1', 'numerator_unit': 'Unknown', 'denominator': '1', 'denominator_unit': 'Unknown'}}]",MSK,USA-USFDACVM-2015-US-063480,1987Q1,,,,
Subcutaneous,MSK,QP54AA01,"[{'name': 'Ivermectin', 'dose': {'numerator': '1', 'numerator_unit': 'Unknown', 'denominator': '1', 'denominator_unit': 'Unknown'}}]",MSK,USA-USFDACVM-2015-US-066368,1987Q1,USA-USFDACVM-N135008,,,
Oral,MSK,QP52AC57,"[{'name': 'Diethylcarbamazine, Oxibendazole', 'dose': {'numerator': '1', 'numerator_unit': 'Unknown', 'denominator': '1', 'denominator_unit': 'Unknown'}}]",MSK,USA-USFDACVM-2015-US-068278,1987Q1,USA-USFDACVM-N136483,Tablet,,
Oral,MSK,QP52AC57,"[{'name': 'Diethylcarbamazine, Oxibendazole', 'dose': {'numerator': '1', 'numerator_unit': 'Unknown', 'denominator': '1', 'denominator_unit': 'Unknown'}}]",MSK,USA-USFDACVM-2015-US-068320,1987Q1,USA-USFDACVM-N136483,Tablet,,
Oral,MSK,QP52AC57,"[{'name': 'Diethylcarbamazine, Oxibendazole', 'dose': {'numerator': '1', 'numerator_unit': 'Unknown', 'denominator': '1', 'denominator_unit': 'Unknown'}}]",MSK,USA-USFDACVM-2015-US-068294,1987Q1,USA-USFDACVM-N136483,Tablet,,
Oral,MSK,QP52AC57,"[{'name': 'Diethylcarbamazine, Oxibendazole', 'dose': {'numerator': '1', 'numerator_unit': 'Unknown', 'denominator': '1', 'denominator_unit': 'Unknown'}}]",MSK,USA-USFDACVM-2015-US-068276,1987Q1,USA-USFDACVM-N136483,Tablet,,
Oral,MSK,QP52AC57,"[{'name': 'Diethylcarbamazine, Oxibendazole', 'dose': {'numerator': '1', 'numerator_unit': 'Unknown', 'denominator': '1', 'denominator_unit': 'Unknown'}}]",MSK,USA-USFDACVM-2015-US-068304,1987Q1,USA-USFDACVM-N136483,Tablet,,
Oral,MSK,QP52AC59,"[{'name': 'Mebendazole, Trichlorfon', 'dose': {'numerator': '1', 'numerator_unit': 'Unknown', 'denominator': '1', 'denominator_unit': 'Unknown'}}]",MSK,USA-USFDACVM-2015-US-070329,1987Q1,USA-USFDACVM-N138954,Paste,,
Oral,MSK,QP52AC57,"[{'name': 'Diethylcarbamazine, Oxibendazole', 'dose': {'numerator': '1', 'numerator_unit': 'Unknown', 'denominator': '1', 'denominator_unit': 'Unknown'}}]",MSK,USA-USFDACVM-2015-US-068282,1987Q1,USA-USFDACVM-N136483,Tablet,,
,MSK,,"[{'dose': {'numerator': '1', 'numerator_unit': 'Unknown', 'denominator': '1', 'denominator_unit': 'Unknown'}}]",MSK,USA-USFDACVM-2015-US-068282,1987Q1,,,,
Subcutaneous,MSK,QP54AA01,"[{'name': 'Ivermectin', 'dose': {'numerator': '1', 'numerator_unit': 'Unknown', 'denominator': '1', 'denominator_unit': 'Unknown'}}]",MSK,-USFDACVM-2015-FN-001493,1987Q1,USA-USFDACVM-N128409,Suspension,,
Oral,MSK,QP54AA01,"[{'name': 'Ivermectin', 'dose': {'numerator': '1', 'numerator_unit': 'Unknown', 'denominator': '1', 'denominator_unit': 'Unknown'}}]",MSK,-USFDACVM-2015-FN-003148,1987Q1,USA-USFDACVM-N138412,Tablet,,
Oral,MSK,QP52AC57,"[{'name': 'Diethylcarbamazine, Oxibendazole', 'dose': {'numerator': '1', 'numerator_unit': 'Unknown', 'denominator': '1', 'denominator_unit': 'Unknown'}}]",MSK,USA-USFDACVM-2015-US-068318,1987Q1,USA-USFDACVM-N136483,Tablet,,
Oral,MSK,QP52AC57,"[{'name': 'Diethylcarbamazine, Oxibendazole', 'dose': {'numerator': '1', 'numerator_unit': 'Unknown', 'denominator': '1', 'denominator_unit': 'Unknown'}}]",MSK,USA-USFDACVM-2015-US-068310,1987Q1,USA-USFDACVM-N136483,Tablet,,
,MSK,,"[{'dose': {'numerator': '1', 'numerator_unit': 'Unknown', 'denominator': '1', 'denominator_unit': 'Unknown'}}]",MSK,USA-USFDACVM-2015-US-068310,1987Q1,,,,
Intramuscular,MSK,QJ01GB03,"[{'name': 'Gentamicin Sulfate', 'dose': {'numerator': '1', 'numerator_unit': 'Unknown', 'denominator': '1', 'denominator_unit': 'Unknown'}}]",MSK,USA-USFDACVM-2015-US-031321,1987Q1,USA-USFDACVM-N038292,Solution,,
,MSK,,"[{'dose': {'numerator': '1', 'numerator_unit': 'Unknown', 'denominator': '1', 'denominator_unit': 'Unknown'}}]",MSK,USA-USFDACVM-2015-US-031321,1987Q1,,,,
Oral,MSK,QP54AA01,"[{'name': 'Ivermectin', 'dose': {'numerator': '1', 'numerator_unit': 'Unknown', 'denominator': '1', 'denominator_unit': 'Unknown'}}]",MSK,USA-USFDACVM-2015-US-063470,1987Q1,USA-USFDACVM-N128409,Suspension,,
,MSK,,"[{'dose': {'numerator': '1', 'numerator_unit': 'Unknown', 'denominator': '1', 'denominator_unit': 'Unknown'}}]",MSK,USA-USFDACVM-2015-US-063470,1987Q1,,,,
Oral,MSK,QP52AE01,"[{'name': 'Levamisole Hydrochloride', 'dose': {'numerator': '1', 'numerator_unit': 'Unknown', 'denominator': '1', 'denominator_unit': 'Unknown'}}]",MSK,USA-USFDACVM-2015-US-046711,1987Q1,USA-USFDACVM-N091826,Tablet,,
Oral,MSK,QP52AC57,"[{'name': 'Diethylcarbamazine, Oxibendazole', 'dose': {'numerator': '1', 'numerator_unit': 'Unknown', 'denominator': '1', 'denominator_unit': 'Unknown'}}]",MSK,USA-USFDACVM-2015-US-068314,1987Q1,USA-USFDACVM-N136483,Tablet,,
Oral,MSK,QP52A,"[{'name': 'Dichlorophene, Toluene', 'dose': {'numerator': '1', 'numerator_unit': 'Unknown', 'denominator': '1', 'denominator_unit': 'Unknown'}}]",MSK,USA-USFDACVM-2015-US-052454,1987Q1,USA-USFDACVM-N103953,Capsule,,
Intramuscular,MSK,QM01AG90,"[{'name': 'Flunixin Meglumine', 'dose': {'numerator': '1', 'numerator_unit': 'Unknown', 'denominator': '1', 'denominator_unit': 'Unknown'}}]",MSK,USA-USFDACVM-2015-US-051543,1987Q1,USA-USFDACVM-N101479,Solution,,
,MSK,,"[{'dose': {'numerator': '1', 'numerator_unit': 'Unknown', 'denominator': '1', 'denominator_unit': 'Unknown'}}]",MSK,USA-USFDACVM-2015-US-051543,1987Q1,,,,
Oral,MSK,QP52AC57,"[{'name': 'Diethylcarbamazine, Oxibendazole', 'dose': {'numerator': '1', 'numerator_unit': 'Unknown', 'denominator': '1', 'denominator_unit': 'Unknown'}}]",MSK,USA-USFDACVM-2015-US-068302,1987Q1,USA-USFDACVM-N136483,Tablet,,
Unknown,MSK,QJ01FA01,"[{'name': 'Erythromycin', 'dose': {'numerator': '1', 'numerator_unit': 'Unknown', 'denominator': '1', 'denominator_unit': 'Unknown'}}]",MSK,USA-USFDACVM-2015-US-016877,1987Q1,USA-USFDACVM-N012123,Suspension,,
,MSK,,"[{'dose': {'numerator': '1', 'numerator_unit': 'Unknown', 'denominator': '1', 'denominator_unit': 'Unknown'}}]",MSK,USA-USFDACVM-2015-US-016877,1987Q1,,,,
Oral,MSK,QP52AC57,"[{'name': 'Diethylcarbamazine, Oxibendazole', 'dose': {'numerator': '1', 'numerator_unit': 'Unknown', 'denominator': '1', 'denominator_unit': 'Unknown'}}]",MSK,USA-USFDACVM-2015-US-068274,1987Q1,USA-USFDACVM-N136483,Tablet,,
,MSK,,"[{'dose': {'numerator': '1', 'numerator_unit': 'Unknown', 'denominator': '1', 'denominator_unit': 'Unknown'}}]",MSK,USA-USFDACVM-2015-US-068274,1987Q1,,,,
Oral,MSK,QJ01FF01,"[{'name': 'Clindamycin Hydrochloride', 'dose': {'numerator': '1', 'numerator_unit': 'Unknown', 'denominator': '1', 'denominator_unit': 'Unknown'}}]",MSK,USA-USFDACVM-2015-US-059892,1987Q1,USA-USFDACVM-N120161,Capsule,,
,MSK,,"[{'dose': {'numerator': '1', 'numerator_unit': 'Unknown', 'denominator': '1', 'denominator_unit': 'Unknown'}}]",MSK,USA-USFDACVM-2015-US-059892,1987Q1,,,,
Unknown,MSK,QN01AX03,"[{'name': 'Ketamine Hydrochloride', 'dose': {'numerator': '1', 'numerator_unit': 'Unknown', 'denominator': '1', 'denominator_unit': 'Unknown'}}]",MSK,USA-USFDACVM-2015-US-032864,1987Q1,USA-USFDACVM-N043304,Injection,,
,MSK,,"[{'dose': {'numerator': '1', 'numerator_unit': 'Unknown', 'denominator': '1', 'denominator_unit': 'Unknown'}}]",MSK,USA-USFDACVM-2015-US-032864,1987Q1,,,,
Oral,MSK,QP52AC59,"[{'name': 'Mebendazole, Trichlorfon', 'dose': {'numerator': '1', 'numerator_unit': 'Unknown', 'denominator': '1', 'denominator_unit': 'Unknown'}}]",MSK,USA-USFDACVM-2015-US-070339,1987Q1,USA-USFDACVM-N138954,Paste,,
Oral,MSK,QP52AC57,"[{'name': 'Diethylcarbamazine, Oxibendazole', 'dose': {'numerator': '1', 'numerator_unit': 'Unknown', 'denominator': '1', 'denominator_unit': 'Unknown'}}]",MSK,USA-USFDACVM-2015-US-068284,1987Q1,USA-USFDACVM-N136483,Tablet,,
Oral,MSK,QP54AA01,"[{'name': 'Ivermectin', 'dose': {'numerator': '1', 'numerator_unit': 'Unknown', 'denominator': '1', 'denominator_unit': 'Unknown'}}]",MSK,USA-USFDACVM-2015-US-063472,1987Q1,USA-USFDACVM-N128409,Suspension,,
Oral,MSK,QP52AC59,"[{'name': 'Mebendazole, Trichlorfon', 'dose': {'numerator': '1', 'numerator_unit': 'Unknown', 'denominator': '1', 'denominator_unit': 'Unknown'}}]",MSK,USA-USFDACVM-2015-US-070333,1987Q1,USA-USFDACVM-N138954,Paste,,
Oral,MSK,QJ01XX10,"[{'name': 'Bacitracin Methylene Disalicylate', 'dose': {'numerator': '1', 'numerator_unit': 'Unknown', 'denominator': '1', 'denominator_unit': 'Unknown'}}]",MSK,USA-USFDACVM-2015-US-036463,1987Q1,,,,
,MSK,,"[{'dose': {'numerator': '1', 'numerator_unit': 'Unknown', 'denominator': '1', 'denominator_unit': 'Unknown'}}]",MSK,USA-USFDACVM-2015-US-036463,1987Q1,,,,
Subcutaneous,MSK,QP54AA01,"[{'name': 'Ivermectin', 'dose': {'numerator': '1', 'numerator_unit': 'Unknown', 'denominator': '1', 'denominator_unit': 'Unknown'}}]",MSK,-USFDACVM-2015-FN-001494,1987Q1,USA-USFDACVM-N128409,Suspension,,
,MSK,,"[{'dose': {'numerator': '1', 'numerator_unit': 'Unknown', 'denominator': '1', 'denominator_unit': 'Unknown'}}]",MSK,-USFDACVM-2015-FN-001494,1987Q1,,,,
Intramuscular,MSK,QJ01FA90,"[{'name': 'Tylosin', 'dose': {'numerator': '1', 'numerator_unit': 'Unknown', 'denominator': '1', 'denominator_unit': 'Unknown'}}]",MSK,-USFDACVM-2015-FN-000372,1987Q1,USA-USFDACVM-N012965,Solution,,
,MSK,,"[{'dose': {'numerator': '1', 'numerator_unit': 'Unknown', 'denominator': '1', 'denominator_unit': 'Unknown'}}]",MSK,-USFDACVM-2015-FN-000372,1987Q1,,,,
Oral,MSK,QP52AC09,"[{'name': 'Mebendazole', 'dose': {'numerator': '1', 'numerator_unit': 'Unknown', 'denominator': '1', 'denominator_unit': 'Unknown'}}]",MSK,-USFDACVM-2015-FN-001040,1987Q1,USA-USFDACVM-N102987,Powder,,
,MSK,,"[{'dose': {'numerator': '1', 'numerator_unit': 'Unknown', 'denominator': '1', 'denominator_unit': 'Unknown'}}]",MSK,-USFDACVM-2015-FN-001040,1987Q1,,,,
Oral,MSK,QP52AC57,"[{'name': 'Diethylcarbamazine, Oxibendazole', 'dose': {'numerator': '1', 'numerator_unit': 'Unknown', 'denominator': '1', 'denominator_unit': 'Unknown'}}]",MSK,USA-USFDACVM-2015-US-068308,1987Q1,USA-USFDACVM-N136483,Tablet,,
Oral,MSK,QP52AC59,"[{'name': 'Mebendazole, Trichlorfon', 'dose': {'numerator': '1', 'numerator_unit': 'Unknown', 'denominator': '1', 'denominator_unit': 'Unknown'}}]",MSK,USA-USFDACVM-2015-US-070335,1987Q1,USA-USFDACVM-N138954,Paste,,
,MSK,,"[{'dose': {'numerator': '1', 'numerator_unit': 'Unknown', 'denominator': '1', 'denominator_unit': 'Unknown'}}]",MSK,USA-USFDACVM-2015-US-070335,1987Q1,,,,
Oral,MSK,QP52AC57,"[{'name': 'Diethylcarbamazine, Oxibendazole', 'dose': {'numerator': '1', 'numerator_unit': 'Unknown', 'denominator': '1', 'denominator_unit': 'Unknown'}}]",MSK,USA-USFDACVM-2015-US-068266,1987Q1,USA-USFDACVM-N136483,Tablet,,
Oral,MSK,QP52AC07,"[{'name': 'Oxibendazole', 'dose': {'numerator': '1', 'numerator_unit': 'Unknown', 'denominator': '1', 'denominator_unit': 'Unknown'}}]",MSK,USA-USFDACVM-2015-US-061093,1987Q1,USA-USFDACVM-N121042,Paste,,
Oral,MSK,QP52AC57,"[{'name': 'Diethylcarbamazine, Oxibendazole', 'dose': {'numerator': '1', 'numerator_unit': 'Unknown', 'denominator': '1', 'denominator_unit': 'Unknown'}}]",MSK,USA-USFDACVM-2015-US-068290,1987Q1,USA-USFDACVM-N136483,Tablet,,
Oral,MSK,QP52AC57,"[{'name': 'Diethylcarbamazine, Oxibendazole', 'dose': {'numerator': '1', 'numerator_unit': 'Unknown', 'denominator': '1', 'denominator_unit': 'Unknown'}}]",MSK,USA-USFDACVM-2015-US-068280,1987Q1,USA-USFDACVM-N136483,Tablet,,
Unknown,MSK,QP54AA01,"[{'name': 'Ivermectin', 'dose': {'numerator': '1', 'numerator_unit': 'Unknown', 'denominator': '1', 'denominator_unit': 'Unknown'}}]",MSK,-USFDACVM-2015-FN-001495,1987Q1,USA-USFDACVM-N128409,Suspension,,
Oral,MSK,QP52AC09,"[{'name': 'Mebendazole', 'dose': {'numerator': '1', 'numerator_unit': 'Unknown', 'denominator': '1', 'denominator_unit': 'Unknown'}}]",MSK,-USFDACVM-2015-FN-001041,1987Q1,USA-USFDACVM-N102987,Powder,,
Intramuscular,MSK,QN02AB73,"[{'name': 'Droperidol, Fentanyl', 'dose': {'numerator': '1', 'numerator_unit': 'Unknown', 'denominator': '1', 'denominator_unit': 'Unknown'}}]",MSK,USA-USFDACVM-2015-US-029255,1987Q1,USA-USFDACVM-N030438,Solution,,
,MSK,,"[{'dose': {'numerator': '1', 'numerator_unit': 'Unknown', 'denominator': '1', 'denominator_unit': 'Unknown'}}]",MSK,USA-USFDACVM-2015-US-029255,1987Q1,,,,
Intramammary,MSK,QJ51CF02,"[{'name': 'Cloxacillin Benzathine', 'dose': {'numerator': '1', 'numerator_unit': 'Unknown', 'denominator': '1', 'denominator_unit': 'Unknown'}}]",MSK,USA-USFDACVM-2015-US-037602,1987Q1,USA-USFDACVM-N055069,Suspension,,
Oral,MSK,QP52AC07,"[{'name': 'Oxibendazole', 'dose': {'numerator': '1', 'numerator_unit': 'Unknown', 'denominator': '1', 'denominator_unit': 'Unknown'}}]",MSK,USA-USFDACVM-2015-US-061092,1987Q1,USA-USFDACVM-N121042,Paste,,
Oral,MSK,QP52AC57,"[{'name': 'Diethylcarbamazine, Oxibendazole', 'dose': {'numerator': '1', 'numerator_unit': 'Unknown', 'denominator': '1', 'denominator_unit': 'Unknown'}}]",MSK,USA-USFDACVM-2015-US-068301,1987Q1,USA-USFDACVM-N136483,Tablet,,
Subcutaneous,MSK,QG03CA03,"[{'name': 'Estradiol', 'dose': {'numerator': '1', 'numerator_unit': 'Unknown', 'denominator': '1', 'denominator_unit': 'Unknown'}}]",MSK,USA-USFDACVM-2015-US-058977,1987Q1,USA-USFDACVM-N118123,Suspension,,
Subcutaneous,MSK,QP54AA01,"[{'name': 'Ivermectin', 'dose': {'numerator': '1', 'numerator_unit': 'Unknown', 'denominator': '1', 'denominator_unit': 'Unknown'}}]",MSK,USA-USFDACVM-2015-US-063478,1987Q1,USA-USFDACVM-N128409,Suspension,,
Oral,MSK,QP52AC57,"[{'name': 'Diethylcarbamazine, Oxibendazole', 'dose': {'numerator': '1', 'numerator_unit': 'Unknown', 'denominator': '1', 'denominator_unit': 'Unknown'}}]",MSK,USA-USFDACVM-2015-US-068259,1987Q1,USA-USFDACVM-N136483,Tablet,,
Oral,MSK,QJ01DB05,"[{'name': 'Cefadroxil', 'dose': {'numerator': '1', 'numerator_unit': 'Unknown', 'denominator': '1', 'denominator_unit': 'Unknown'}}]",MSK,USA-USFDACVM-2015-US-059107,1987Q1,USA-USFDACVM-N119688,,,
Intramuscular,MSK,QN01AX03,"[{'name': 'Ketamine Hydrochloride', 'dose': {'numerator': '1', 'numerator_unit': 'Unknown', 'denominator': '1', 'denominator_unit': 'Unknown'}}]",MSK,USA-USFDACVM-2015-US-032862,1987Q1,USA-USFDACVM-N043304,Injection,,
Subcutaneous,MSK,QP54AA01,"[{'name': 'Ivermectin', 'dose': {'numerator': '1', 'numerator_unit': 'Unknown', 'denominator': '1', 'denominator_unit': 'Unknown'}}]",MSK,USA-USFDACVM-2015-US-063476,1987Q1,USA-USFDACVM-N128409,Suspension,,
,MSK,,"[{'dose': {'numerator': '1', 'numerator_unit': 'Unknown', 'denominator': '1', 'denominator_unit': 'Unknown'}}]",MSK,USA-USFDACVM-2015-US-063476,1987Q1,,,,
Oral,MSK,QP54AA01,"[{'name': 'Ivermectin', 'dose': {'numerator': '1', 'numerator_unit': 'Unknown', 'denominator': '1', 'denominator_unit': 'Unknown'}}]",MSK,-USFDACVM-2015-FN-003143,1987Q1,USA-USFDACVM-N138412,Tablet,,
Oral,MSK,QP52AC57,"[{'name': 'Diethylcarbamazine, Oxibendazole', 'dose': {'numerator': '1', 'numerator_unit': 'Unknown', 'denominator': '1', 'denominator_unit': 'Unknown'}}]",MSK,USA-USFDACVM-2015-US-068263,1987Q1,USA-USFDACVM-N136483,Tablet,,
Oral,MSK,QP52AC57,"[{'name': 'Diethylcarbamazine, Oxibendazole', 'dose': {'numerator': '1', 'numerator_unit': 'Unknown', 'denominator': '1', 'denominator_unit': 'Unknown'}}]",MSK,USA-USFDACVM-2015-US-068313,1987Q1,USA-USFDACVM-N136483,Tablet,,
Oral,MSK,QP52AC59,"[{'name': 'Mebendazole, Trichlorfon', 'dose': {'numerator': '1', 'numerator_unit': 'Unknown', 'denominator': '1', 'denominator_unit': 'Unknown'}}]",MSK,USA-USFDACVM-2015-US-070338,1987Q1,USA-USFDACVM-N138954,Paste,,
,MSK,,"[{'dose': {'numerator': '1', 'numerator_unit': 'Unknown', 'denominator': '1', 'denominator_unit': 'Unknown'}}]",MSK,USA-USFDACVM-2015-US-070338,1987Q1,,,,
Oral,MSK,QP52AC57,"[{'name': 'Diethylcarbamazine, Oxibendazole', 'dose': {'numerator': '1', 'numerator_unit': 'Unknown', 'denominator': '1', 'denominator_unit': 'Unknown'}}]",MSK,USA-USFDACVM-2015-US-068277,1987Q1,USA-USFDACVM-N136483,Tablet,,
Oral,MSK,QP52AC57,"[{'name': 'Diethylcarbamazine, Oxibendazole', 'dose': {'numerator': '1', 'numerator_unit': 'Unknown', 'denominator': '1', 'denominator_unit': 'Unknown'}}]",MSK,USA-USFDACVM-2015-US-068291,1987Q1,USA-USFDACVM-N136483,Tablet,,
Oral,MSK,QP52AC57,"[{'name': 'Diethylcarbamazine, Oxibendazole', 'dose': {'numerator': '1', 'numerator_unit': 'Unknown', 'denominator': '1', 'denominator_unit': 'Unknown'}}]",MSK,USA-USFDACVM-2015-US-068255,1987Q1,USA-USFDACVM-N136483,Tablet,,
Oral,MSK,QP52AC57,"[{'name': 'Diethylcarbamazine, Oxibendazole', 'dose': {'numerator': '1', 'numerator_unit': 'Unknown', 'denominator': '1', 'denominator_unit': 'Unknown'}}]",MSK,USA-USFDACVM-2015-US-068303,1987Q1,USA-USFDACVM-N136483,Tablet,,
Oral,MSK,QP52AC07,"[{'name': 'Oxibendazole', 'dose': {'numerator': '1', 'numerator_unit': 'Unknown', 'denominator': '1', 'denominator_unit': 'Unknown'}}]",MSK,USA-USFDACVM-2015-US-061094,1987Q1,USA-USFDACVM-N121042,Paste,,
Oral,MSK,QP52AC57,"[{'name': 'Diethylcarbamazine, Oxibendazole', 'dose': {'numerator': '1', 'numerator_unit': 'Unknown', 'denominator': '1', 'denominator_unit': 'Unknown'}}]",MSK,USA-USFDACVM-2015-US-068275,1987Q1,USA-USFDACVM-N136483,Tablet,,
Oral,MSK,QP52AC59,"[{'name': 'Mebendazole, Trichlorfon', 'dose': {'numerator': '1', 'numerator_unit': 'Unknown', 'denominator': '1', 'denominator_unit': 'Unknown'}}]",MSK,USA-USFDACVM-2015-US-070336,1987Q1,USA-USFDACVM-N138954,Paste,,
,MSK,,"[{'dose': {'numerator': '1', 'numerator_unit': 'Unknown', 'denominator': '1', 'denominator_unit': 'Unknown'}}]",MSK,USA-USFDACVM-2015-US-070336,1987Q1,,,,
Oral,MSK,QP51AH03,"[{'name': 'Monensin', 'dose': {'numerator': '1', 'numerator_unit': 'Unknown', 'denominator': '1', 'denominator_unit': 'Unknown'}}]",MSK,-USFDACVM-2015-FN-000622,1987Q1,,,,
Oral,MSK,QP54AA01,"[{'name': 'Ivermectin', 'dose': {'numerator': '1', 'numerator_unit': 'Unknown', 'denominator': '1', 'denominator_unit': 'Unknown'}}]",MSK,-USFDACVM-2015-FN-002609,1987Q1,USA-USFDACVM-N134314,Paste,,
,MSK,,"[{'dose': {'numerator': '1', 'numerator_unit': 'Unknown', 'denominator': '1', 'denominator_unit': 'Unknown'}}]",MSK,-USFDACVM-2015-FN-002609,1987Q1,,,,
Intramuscular,MSK,QJ01FA90,"[{'name': 'Tylosin', 'dose': {'numerator': '1', 'numerator_unit': 'Unknown', 'denominator': '1', 'denominator_unit': 'Unknown'}}]",MSK,-USFDACVM-2015-FN-000373,1987Q1,USA-USFDACVM-N012965,Solution,,
Intramuscular,MSK,QJ01CR50,"[{'name': 'Penicillin G Benzathine, Penicillin G Procaine', 'dose': {'numerator': '1', 'numerator_unit': 'Unknown', 'denominator': '1', 'denominator_unit': 'Unknown'}}]",MSK,USA-USFDACVM-2015-US-045862,1987Q1,USA-USFDACVM-N065500,Suspension,,
,MSK,,"[{'dose': {'numerator': '1', 'numerator_unit': 'Unknown', 'denominator': '1', 'denominator_unit': 'Unknown'}}]",MSK,USA-USFDACVM-2015-US-045862,1987Q1,,,,
Subcutaneous,MSK,QP54AA01,"[{'name': 'Ivermectin', 'dose': {'numerator': '1', 'numerator_unit': 'Unknown', 'denominator': '1', 'denominator_unit': 'Unknown'}}]",MSK,-USFDACVM-2015-FN-001491,1987Q1,USA-USFDACVM-N128409,Suspension,,
Intramuscular,MSK,QN01AX91,"[{'name': 'Azaperone', 'dose': {'numerator': '1', 'numerator_unit': 'Unknown', 'denominator': '1', 'denominator_unit': 'Unknown'}}]",MSK,USA-USFDACVM-2015-US-058707,1987Q1,USA-USFDACVM-N115732,Solution,,
Oral,MSK,QP52AC57,"[{'name': 'Diethylcarbamazine, Oxibendazole', 'dose': {'numerator': '1', 'numerator_unit': 'Unknown', 'denominator': '1', 'denominator_unit': 'Unknown'}}]",MSK,USA-USFDACVM-2015-US-068311,1987Q1,USA-USFDACVM-N136483,Tablet,,
Oral,MSK,QP52AC57,"[{'name': 'Diethylcarbamazine, Oxibendazole', 'dose': {'numerator': '1', 'numerator_unit': 'Unknown', 'denominator': '1', 'denominator_unit': 'Unknown'}}]",MSK,USA-USFDACVM-2015-US-068257,1987Q1,USA-USFDACVM-N136483,Tablet,,
Oral,MSK,QP52AC09,"[{'name': 'Mebendazole', 'dose': {'numerator': '1', 'numerator_unit': 'Unknown', 'denominator': '1', 'denominator_unit': 'Unknown'}}]",MSK,USA-USFDACVM-2015-US-052064,1987Q1,USA-USFDACVM-N102987,Powder,,
Oral,MSK,QP52AC57,"[{'name': 'Diethylcarbamazine, Oxibendazole', 'dose': {'numerator': '1', 'numerator_unit': 'Unknown', 'denominator': '1', 'denominator_unit': 'Unknown'}}]",MSK,USA-USFDACVM-2015-US-068273,1987Q1,USA-USFDACVM-N136483,Tablet,,
Subcutaneous,MSK,QP52AE01,"[{'name': 'Levamisole Phosphate', 'dose': {'numerator': '1', 'numerator_unit': 'Unknown', 'denominator': '1', 'denominator_unit': 'Unknown'}}]",MSK,USA-USFDACVM-2015-US-051913,1987Q1,USA-USFDACVM-N102437,Solution,,
,MSK,,"[{'dose': {'numerator': '1', 'numerator_unit': 'Unknown', 'denominator': '1', 'denominator_unit': 'Unknown'}}]",MSK,USA-USFDACVM-2015-US-051913,1987Q1,,,,
Oral,MSK,QG03DX90,"[{'name': 'Altrenogest', 'dose': {'numerator': '1', 'numerator_unit': 'Unknown', 'denominator': '1', 'denominator_unit': 'Unknown'}}]",MSK,USA-USFDACVM-2015-US-065183,1987Q1,USA-USFDACVM-N131310,Solution,,
Intramuscular,MSK,QJ01CA04,"[{'name': 'Amoxicillin', 'dose': {'numerator': '1', 'numerator_unit': 'Unknown', 'denominator': '1', 'denominator_unit': 'Unknown'}}]",MSK,USA-USFDACVM-2015-US-038491,1987Q1,USA-USFDACVM-N055089,Suspension,,
Intramammary,MSK,QJ51DB08,"[{'name': 'Cephapirin Sodium', 'dose': {'numerator': '1', 'numerator_unit': 'Unknown', 'denominator': '1', 'denominator_unit': 'Unknown'}}]",MSK,USA-USFDACVM-2015-US-048936,1987Q1,USA-USFDACVM-N097222,Gel,,
Oral,MSK,QP52AC57,"[{'name': 'Diethylcarbamazine, Oxibendazole', 'dose': {'numerator': '1', 'numerator_unit': 'Unknown', 'denominator': '1', 'denominator_unit': 'Unknown'}}]",MSK,USA-USFDACVM-2015-US-068285,1987Q1,USA-USFDACVM-N136483,Tablet,,
Oral,MSK,QP52AC09,"[{'name': 'Mebendazole', 'dose': {'numerator': '1', 'numerator_unit': 'Unknown', 'denominator': '1', 'denominator_unit': 'Unknown'}}]",MSK,USA-USFDACVM-2015-US-048751,1987Q1,USA-USFDACVM-N097221,,,
Oral,MSK,QP52AC57,"[{'name': 'Diethylcarbamazine, Oxibendazole', 'dose': {'numerator': '1', 'numerator_unit': 'Unknown', 'denominator': '1', 'denominator_unit': 'Unknown'}}]",MSK,USA-USFDACVM-2015-US-068300,1987Q1,USA-USFDACVM-N136483,Tablet,,
Oral,MSK,QP54AA01,"[{'name': 'Ivermectin', 'dose': {'numerator': '1', 'numerator_unit': 'Unknown', 'denominator': '1', 'denominator_unit': 'Unknown'}}]",MSK,-USFDACVM-2015-FN-002610,1987Q1,USA-USFDACVM-N134314,Paste,,
Oral,MSK,QP52AC57,"[{'name': 'Diethylcarbamazine, Oxibendazole', 'dose': {'numerator': '1', 'numerator_unit': 'Unknown', 'denominator': '1', 'denominator_unit': 'Unknown'}}]",MSK,USA-USFDACVM-2015-US-068264,1987Q1,USA-USFDACVM-N136483,Tablet,,
,MSK,,"[{'dose': {'numerator': '1', 'numerator_unit': 'Unknown', 'denominator': '1', 'denominator_unit': 'Unknown'}}]",MSK,USA-USFDACVM-2015-US-068264,1987Q1,,,,
Oral,MSK,QP54AA01,"[{'name': 'Ivermectin', 'dose': {'numerator': '1', 'numerator_unit': 'Unknown', 'denominator': '1', 'denominator_unit': 'Unknown'}}]",MSK,USA-USFDACVM-2015-US-063469,1987Q1,USA-USFDACVM-N128409,Suspension,,
Oral,MSK,QP52AC52,"[{'name': 'Oxfendazole, Trichlorfon', 'dose': {'numerator': '1', 'numerator_unit': 'Unknown', 'denominator': '1', 'denominator_unit': 'Unknown'}}]",MSK,USA-USFDACVM-2015-US-069378,1987Q1,USA-USFDACVM-N136740,Paste,,
,MSK,,"[{'dose': {'numerator': '1', 'numerator_unit': 'Unknown', 'denominator': '1', 'denominator_unit': 'Unknown'}}]",MSK,USA-USFDACVM-2015-US-069378,1987Q1,,,,
Oral,MSK,QP54AA01,"[{'name': 'Ivermectin', 'dose': {'numerator': '1', 'numerator_unit': 'Unknown', 'denominator': '1', 'denominator_unit': 'Unknown'}}]",MSK,USA-USFDACVM-2015-US-063483,1987Q1,USA-USFDACVM-N128409,Suspension,,
Oral,MSK,QP52AC13,"[{'name': 'Fenbendazole', 'dose': {'numerator': '1', 'numerator_unit': 'Unknown', 'denominator': '1', 'denominator_unit': 'Unknown'}}]",MSK,USA-USFDACVM-2015-US-070449,1987Q1,USA-USFDACVM-N139189,,,
Oral,MSK,QN05AA04,"[{'name': 'Acepromazine Maleate', 'dose': {'numerator': '1', 'numerator_unit': 'Unknown', 'denominator': '1', 'denominator_unit': 'Unknown'}}]",MSK,USA-USFDACVM-2015-US-029528,1987Q1,USA-USFDACVM-N032702,Tablet,,
,MSK,,"[{'dose': {'numerator': '1', 'numerator_unit': 'Unknown', 'denominator': '1', 'denominator_unit': 'Unknown'}}]",MSK,USA-USFDACVM-2015-US-029528,1987Q1,,,,
Oral,MSK,QP52AC13,"[{'name': 'Fenbendazole', 'dose': {'numerator': '1', 'numerator_unit': 'Unknown', 'denominator': '1', 'denominator_unit': 'Unknown'}}]",MSK,USA-USFDACVM-2015-US-062442,1987Q1,USA-USFDACVM-N121473,Granule,,
,MSK,,"[{'dose': {'numerator': '1', 'numerator_unit': 'Unknown', 'denominator': '1', 'denominator_unit': 'Unknown'}}]",MSK,USA-USFDACVM-2015-US-062442,1987Q1,,,,
Oral,MSK,QP52AC57,"[{'name': 'Diethylcarbamazine, Oxibendazole', 'dose': {'numerator': '1', 'numerator_unit': 'Unknown', 'denominator': '1', 'denominator_unit': 'Unknown'}}]",MSK,USA-USFDACVM-2015-US-068319,1987Q1,USA-USFDACVM-N136483,Tablet,,
Intravenous,MSK,QJ01EW10,"[{'name': 'Sulfadiazine, Trimethoprim', 'dose': {'numerator': '1', 'numerator_unit': 'Unknown', 'denominator': '1', 'denominator_unit': 'Unknown'}}]",MSK,USA-USFDACVM-2015-US-055600,1987Q1,USA-USFDACVM-N106965,Solution,,
,MSK,,"[{'dose': {'numerator': '1', 'numerator_unit': 'Unknown', 'denominator': '1', 'denominator_unit': 'Unknown'}}]",MSK,USA-USFDACVM-2015-US-055600,1987Q1,,,,
Intramuscular,MSK,QN01AX03,"[{'name': 'Ketamine Hydrochloride', 'dose': {'numerator': '1', 'numerator_unit': 'Unknown', 'denominator': '1', 'denominator_unit': 'Unknown'}}]",MSK,USA-USFDACVM-2015-US-032863,1987Q1,USA-USFDACVM-N043304,Injection,,
,MSK,,"[{'dose': {'numerator': '1', 'numerator_unit': 'Unknown', 'denominator': '1', 'denominator_unit': 'Unknown'}}]",MSK,USA-USFDACVM-2015-US-032863,1987Q1,,,,
Subcutaneous,MSK,QP54AA01,"[{'name': 'Ivermectin', 'dose': {'numerator': '1', 'numerator_unit': 'Unknown', 'denominator': '1', 'denominator_unit': 'Unknown'}}]",MSK,USA-USFDACVM-2015-US-063471,1987Q1,USA-USFDACVM-N128409,Suspension,,
,MSK,,"[{'dose': {'numerator': '1', 'numerator_unit': 'Unknown', 'denominator': '1', 'denominator_unit': 'Unknown'}}]",MSK,USA-USFDACVM-2015-US-063471,1987Q1,,,,
Unknown,MSK,QN05CM92,"[{'name': 'Xylazine', 'dose': {'numerator': '1', 'numerator_unit': 'Unknown', 'denominator': '1', 'denominator_unit': 'Unknown'}}]",MSK,USA-USFDACVM-2015-US-036697,1987Q1,USA-USFDACVM-N047956,Solution,,
,MSK,,"[{'dose': {'numerator': '1', 'numerator_unit': 'Unknown', 'denominator': '1', 'denominator_unit': 'Unknown'}}]",MSK,USA-USFDACVM-2015-US-036697,1987Q1,,,,
Oral,MSK,QP52AC57,"[{'name': 'Diethylcarbamazine, Oxibendazole', 'dose': {'numerator': '1', 'numerator_unit': 'Unknown', 'denominator': '1', 'denominator_unit': 'Unknown'}}]",MSK,USA-USFDACVM-2015-US-068265,1987Q1,USA-USFDACVM-N136483,Tablet,,
Oral,MSK,QN03AA03,"[{'name': 'Primidone', 'dose': {'numerator': '1', 'numerator_unit': 'Unknown', 'denominator': '1', 'denominator_unit': 'Unknown'}}]",MSK,USA-USFDACVM-2015-US-058857,1987Q1,USA-USFDACVM-N117689,Tablet,,
Oral,MSK,QP52AC57,"[{'name': 'Diethylcarbamazine, Oxibendazole', 'dose': {'numerator': '1', 'numerator_unit': 'Unknown', 'denominator': '1', 'denominator_unit': 'Unknown'}}]",MSK,USA-USFDACVM-2015-US-068315,1987Q1,USA-USFDACVM-N136483,Tablet,,
Oral,MSK,QP52AC57,"[{'name': 'Diethylcarbamazine, Oxibendazole', 'dose': {'numerator': '1', 'numerator_unit': 'Unknown', 'denominator': '1', 'denominator_unit': 'Unknown'}}]",MSK,USA-USFDACVM-2015-US-068307,1987Q1,USA-USFDACVM-N136483,Tablet,,
,MSK,,"[{'dose': {'numerator': '1', 'numerator_unit': 'Unknown', 'denominator': '1', 'denominator_unit': 'Unknown'}}]",MSK,USA-USFDACVM-2015-US-068307,1987Q1,,,,
Oral,MSK,QJ01FF01,"[{'name': 'Clindamycin Hydrochloride', 'dose': {'numerator': '1', 'numerator_unit': 'Unknown', 'denominator': '1', 'denominator_unit': 'Unknown'}}]",MSK,USA-USFDACVM-2015-US-059894,1987Q1,USA-USFDACVM-N120161,Capsule,,
,MSK,,"[{'dose': {'numerator': '1', 'numerator_unit': 'Unknown', 'denominator': '1', 'denominator_unit': 'Unknown'}}]",MSK,USA-USFDACVM-2015-US-059894,1987Q1,,,,
Oral,MSK,QP51AH03,"[{'name': 'Monensin', 'dose': {'numerator': '1', 'numerator_unit': 'Unknown', 'denominator': '1', 'denominator_unit': 'Unknown'}}]",MSK,USA-USFDACVM-2015-US-031397,1987Q1,,,,
Topical,MSK,QP52AE01,"[{'name': 'Levamisole', 'dose': {'numerator': '1', 'numerator_unit': 'Unknown', 'denominator': '1', 'denominator_unit': 'Unknown'}}]",MSK,USA-USFDACVM-2015-US-070941,1987Q1,USA-USFDACVM-N139877,Solution,,
Subcutaneous,MSK,QP52AE01,"[{'name': 'Levamisole Phosphate', 'dose': {'numerator': '1', 'numerator_unit': 'Unknown', 'denominator': '1', 'denominator_unit': 'Unknown'}}]",MSK,USA-USFDACVM-2015-US-051912,1987Q1,USA-USFDACVM-N102437,Solution,,
,MSK,,"[{'dose': {'numerator': '1', 'numerator_unit': 'Unknown', 'denominator': '1', 'denominator_unit': 'Unknown'}}]",MSK,USA-USFDACVM-2015-US-051912,1987Q1,,,,
Subcutaneous,MSK,QP54AA01,"[{'name': 'Ivermectin', 'dose': {'numerator': '1', 'numerator_unit': 'Unknown', 'denominator': '1', 'denominator_unit': 'Unknown'}}]",MSK,USA-USFDACVM-2015-US-066369,1987Q1,USA-USFDACVM-N135008,,,
Oral,MSK,QP52AC59,"[{'name': 'Mebendazole, Trichlorfon', 'dose': {'numerator': '1', 'numerator_unit': 'Unknown', 'denominator': '1', 'denominator_unit': 'Unknown'}}]",MSK,USA-USFDACVM-2015-US-070334,1987Q1,USA-USFDACVM-N138954,Paste,,
Oral,MSK,QP52AC57,"[{'name': 'Diethylcarbamazine, Oxibendazole', 'dose': {'numerator': '1', 'numerator_unit': 'Unknown', 'denominator': '1', 'denominator_unit': 'Unknown'}}]",MSK,USA-USFDACVM-2015-US-068258,1987Q1,USA-USFDACVM-N136483,Tablet,,
Oral,MSK,QP54AA01,"[{'name': 'Ivermectin', 'dose': {'numerator': '1', 'numerator_unit': 'Unknown', 'denominator': '1', 'denominator_unit': 'Unknown'}}]",MSK,USA-USFDACVM-2015-US-063477,1987Q1,USA-USFDACVM-N128409,Suspension,,
Topical,MSK,QD08AX,"[{'name': 'Mercaptobenzothiazole', 'dose': {'numerator': '1', 'numerator_unit': 'Unknown', 'denominator': '1', 'denominator_unit': 'Unknown'}}]",MSK,USA-USFDACVM-2015-US-015545,1987Q1,USA-USFDACVM-N005236,Solution,false,Species Off-Label 
Oral,MSK,QP52AC57,"[{'name': 'Diethylcarbamazine, Oxibendazole', 'dose': {'numerator': '1', 'numerator_unit': 'Unknown', 'denominator': '1', 'denominator_unit': 'Unknown'}}]",MSK,USA-USFDACVM-2015-US-068270,1987Q1,USA-USFDACVM-N136483,Tablet,,
,MSK,,"[{'dose': {'numerator': '1', 'numerator_unit': 'Unknown', 'denominator': '1', 'denominator_unit': 'Unknown'}}]",MSK,USA-USFDACVM-2015-US-068270,1987Q1,,,,
Oral,MSK,QP51AH03,"[{'name': 'Monensin', 'dose': {'numerator': '1', 'numerator_unit': 'Unknown', 'denominator': '1', 'denominator_unit': 'Unknown'}}]",MSK,-USFDACVM-2015-FN-000776,1987Q1,,,,
Oral,MSK,QP52AC57,"[{'name': 'Diethylcarbamazine, Oxibendazole', 'dose': {'numerator': '1', 'numerator_unit': 'Unknown', 'denominator': '1', 'denominator_unit': 'Unknown'}}]",MSK,USA-USFDACVM-2015-US-068321,1987Q1,USA-USFDACVM-N136483,Tablet,,
Oral,MSK,QP51AH03,"[{'name': 'Monensin', 'dose': {'numerator': '1', 'numerator_unit': 'Unknown', 'denominator': '1', 'denominator_unit': 'Unknown'}}]",MSK,USA-USFDACVM-2015-US-047032,1987Q1,,,,
Oral,MSK,QP51AH03,"[{'name': 'Monensin', 'dose': {'numerator': '1', 'numerator_unit': 'Unknown', 'denominator': '1', 'denominator_unit': 'Unknown'}}]",MSK,USA-USFDACVM-2015-US-047030,1987Q1,,,,
Subcutaneous,MSK,QP54AA01,"[{'name': 'Ivermectin', 'dose': {'numerator': '1', 'numerator_unit': 'Unknown', 'denominator': '1', 'denominator_unit': 'Unknown'}}]",MSK,USA-USFDACVM-2015-US-063479,1987Q1,USA-USFDACVM-N128409,Suspension,,
,MSK,,"[{'dose': {'numerator': '1', 'numerator_unit': 'Unknown', 'denominator': '1', 'denominator_unit': 'Unknown'}}]",MSK,USA-USFDACVM-2015-US-063479,1987Q1,,,,
Oral,MSK,QP51AH03,"[{'name': 'Monensin', 'dose': {'numerator': '1', 'numerator_unit': 'Unknown', 'denominator': '1', 'denominator_unit': 'Unknown'}}]",MSK,-USFDACVM-2015-FN-000777,1987Q1,,,,
Intramammary,MSK,QJ51DB08,"[{'name': 'Cephapirin Sodium', 'dose': {'numerator': '1', 'numerator_unit': 'Unknown', 'denominator': '1', 'denominator_unit': 'Unknown'}}]",MSK,USA-USFDACVM-2015-US-048938,1987Q1,USA-USFDACVM-N097222,Gel,,
Oral,MSK,QP52AC57,"[{'name': 'Diethylcarbamazine, Oxibendazole', 'dose': {'numerator': '1', 'numerator_unit': 'Unknown', 'denominator': '1', 'denominator_unit': 'Unknown'}}]",MSK,USA-USFDACVM-2015-US-068299,1987Q1,USA-USFDACVM-N136483,Tablet,,
Unknown,MSK,UNKNOWN,"[{'name': 'Butamisole Hydrochloride', 'dose': {'numerator': '1', 'numerator_unit': 'Unknown', 'denominator': '1', 'denominator_unit': 'Unknown'}}]",MSK,USA-USFDACVM-2015-US-052457,1987Q1,USA-USFDACVM-N104184,Solution,,
Oral,MSK,QP52AC57,"[{'name': 'Diethylcarbamazine, Oxibendazole', 'dose': {'numerator': '1', 'numerator_unit': 'Unknown', 'denominator': '1', 'denominator_unit': 'Unknown'}}]",MSK,USA-USFDACVM-2015-US-068316,1987Q1,USA-USFDACVM-N136483,Tablet,,
Oral,MSK,QP54AA01,"[{'name': 'Ivermectin', 'dose': {'numerator': '1', 'numerator_unit': 'Unknown', 'denominator': '1', 'denominator_unit': 'Unknown'}}]",MSK,USA-USFDACVM-2015-US-063481,1987Q1,USA-USFDACVM-N128409,Suspension,,
Oral,MSK,QA07AA92,"[{'name': 'Apramycin Sulfate', 'dose': {'numerator': '1', 'numerator_unit': 'Unknown', 'denominator': '1', 'denominator_unit': 'Unknown'}}]",MSK,USA-USFDACVM-2015-US-063250,1987Q1,USA-USFDACVM-N126050,,,
Intravenous,MSK,QN51AX50,"[{'name': 'Embutramide, Mebezonium, Tetracaine', 'dose': {'numerator': '1', 'numerator_unit': 'Unknown', 'denominator': '1', 'denominator_unit': 'Unknown'}}]",MSK,USA-USFDACVM-2015-US-050035,1987Q1,USA-USFDACVM-N100809,,,
Oral,MSK,QP52AC57,"[{'name': 'Diethylcarbamazine, Oxibendazole', 'dose': {'numerator': '1', 'numerator_unit': 'Unknown', 'denominator': '1', 'denominator_unit': 'Unknown'}}]",MSK,USA-USFDACVM-2015-US-068305,1987Q1,USA-USFDACVM-N136483,Tablet,,
,MSK,,"[{'dose': {'numerator': '1', 'numerator_unit': 'Unknown', 'denominator': '1', 'denominator_unit': 'Unknown'}}]",MSK,USA-USFDACVM-2015-US-068305,1987Q1,,,,
Oral,MSK,QP52AC57,"[{'name': 'Diethylcarbamazine, Oxibendazole', 'dose': {'numerator': '1', 'numerator_unit': 'Unknown', 'denominator': '1', 'denominator_unit': 'Unknown'}}]",MSK,USA-USFDACVM-2015-US-068269,1987Q1,USA-USFDACVM-N136483,Tablet,,
,MSK,,"[{'dose': {'numerator': '1', 'numerator_unit': 'Unknown', 'denominator': '1', 'denominator_unit': 'Unknown'}}]",MSK,USA-USFDACVM-2015-US-068269,1987Q1,,,,
Oral,MSK,QP52AC57,"[{'name': 'Diethylcarbamazine, Oxibendazole', 'dose': {'numerator': '1', 'numerator_unit': 'Unknown', 'denominator': '1', 'denominator_unit': 'Unknown'}}]",MSK,USA-USFDACVM-2015-US-068283,1987Q1,USA-USFDACVM-N136483,Tablet,,
Oral,MSK,QP52AC57,"[{'name': 'Diethylcarbamazine, Oxibendazole', 'dose': {'numerator': '1', 'numerator_unit': 'Unknown', 'denominator': '1', 'denominator_unit': 'Unknown'}}]",MSK,USA-USFDACVM-2015-US-068297,1987Q1,USA-USFDACVM-N136483,Tablet,,
Oral,MSK,QP54AA01,"[{'name': 'Ivermectin', 'dose': {'numerator': '1', 'numerator_unit': 'Unknown', 'denominator': '1', 'denominator_unit': 'Unknown'}}]",MSK,USA-USFDACVM-2015-US-069540,1987Q1,USA-USFDACVM-N138412,Tablet,,
,MSK,,"[{'dose': {'numerator': '1', 'numerator_unit': 'Unknown', 'denominator': '1', 'denominator_unit': 'Unknown'}}]",MSK,USA-USFDACVM-2015-US-069540,1987Q1,,,,
Intravenous,MSK,QM01AG90,"[{'name': 'Flunixin Meglumine', 'dose': {'numerator': '1', 'numerator_unit': 'Unknown', 'denominator': '1', 'denominator_unit': 'Unknown'}}]",MSK,USA-USFDACVM-2015-US-051544,1987Q1,USA-USFDACVM-N101479,Solution,,
Oral,MSK,QP52AE01,"[{'name': 'Levamisole Hydrochloride', 'dose': {'numerator': '1', 'numerator_unit': 'Unknown', 'denominator': '1', 'denominator_unit': 'Unknown'}}]",MSK,USA-USFDACVM-2015-US-032663,1987Q1,USA-USFDACVM-N042837,Tablet,,
Oral,MSK,QJ01CR02,"[{'name': 'Amoxicillin, Clavulanate', 'dose': {'numerator': '1', 'numerator_unit': 'Unknown', 'denominator': '1', 'denominator_unit': 'Unknown'}}]",MSK,USA-USFDACVM-2015-US-039763,1987Q1,USA-USFDACVM-N055099,Tablet,,
Intravenous,MSK,QN01AF90,"[{'name': 'Thiamylal', 'dose': {'numerator': '1', 'numerator_unit': 'Unknown', 'denominator': '1', 'denominator_unit': 'Unknown'}}]",MSK,USA-USFDACVM-2015-US-031862,1987Q1,USA-USFDACVM-N039483,Solution,,
Oral,MSK,QP52AH02,"[{'name': 'Diethylcarbamazine Citrate', 'dose': {'numerator': '1', 'numerator_unit': 'Unknown', 'denominator': '1', 'denominator_unit': 'Unknown'}}]",MSK,USA-USFDACVM-2015-US-052701,1987Q1,USA-USFDACVM-N104493,Tablet,,
Oral,MSK,QP54AA01,"[{'name': 'Ivermectin', 'dose': {'numerator': '1', 'numerator_unit': 'Unknown', 'denominator': '1', 'denominator_unit': 'Unknown'}}]",MSK,USA-USFDACVM-2015-US-069539,1987Q1,USA-USFDACVM-N138412,Tablet,,
Subcutaneous,MSK,QP54AA01,"[{'name': 'Ivermectin', 'dose': {'numerator': '1', 'numerator_unit': 'Unknown', 'denominator': '1', 'denominator_unit': 'Unknown'}}]",MSK,USA-USFDACVM-2015-US-063484,1987Q1,USA-USFDACVM-N128409,Suspension,,
Oral,MSK,QP52AE01,"[{'name': 'Levamisole Phosphate', 'dose': {'numerator': '1', 'numerator_unit': 'Unknown', 'denominator': '1', 'denominator_unit': 'Unknown'}}]",MSK,USA-USFDACVM-2015-US-051911,1987Q1,USA-USFDACVM-N102437,Solution,,
Oral,MSK,QP52AC57,"[{'name': 'Diethylcarbamazine, Oxibendazole', 'dose': {'numerator': '1', 'numerator_unit': 'Unknown', 'denominator': '1', 'denominator_unit': 'Unknown'}}]",MSK,USA-USFDACVM-2015-US-068267,1987Q1,USA-USFDACVM-N136483,Tablet,,
Oral,MSK,QP52AC57,"[{'name': 'Diethylcarbamazine, Oxibendazole', 'dose': {'numerator': '1', 'numerator_unit': 'Unknown', 'denominator': '1', 'denominator_unit': 'Unknown'}}]",MSK,USA-USFDACVM-2015-US-068281,1987Q1,USA-USFDACVM-N136483,Tablet,,
Oral,MSK,QP52AC59,"[{'name': 'Mebendazole, Trichlorfon', 'dose': {'numerator': '1', 'numerator_unit': 'Unknown', 'denominator': '1', 'denominator_unit': 'Unknown'}}]",MSK,USA-USFDACVM-2015-US-070332,1987Q1,USA-USFDACVM-N138954,Paste,,
Oral,MSK,QP52AC57,"[{'name': 'Diethylcarbamazine, Oxibendazole', 'dose': {'numerator': '1', 'numerator_unit': 'Unknown', 'denominator': '1', 'denominator_unit': 'Unknown'}}]",MSK,USA-USFDACVM-2015-US-068271,1987Q1,USA-USFDACVM-N136483,Tablet,,
,MSK,,"[{'dose': {'numerator': '1', 'numerator_unit': 'Unknown', 'denominator': '1', 'denominator_unit': 'Unknown'}}]",MSK,USA-USFDACVM-2015-US-068271,1987Q1,,,,
Oral,MSK,QP52AC57,"[{'name': 'Diethylcarbamazine, Oxibendazole', 'dose': {'numerator': '1', 'numerator_unit': 'Unknown', 'denominator': '1', 'denominator_unit': 'Unknown'}}]",MSK,USA-USFDACVM-2015-US-068272,1987Q1,USA-USFDACVM-N136483,Tablet,,
Oral,MSK,QJ01XX10,"[{'name': 'Bacitracin Methylene Disalicylate', 'dose': {'numerator': '1', 'numerator_unit': 'Unknown', 'denominator': '1', 'denominator_unit': 'Unknown'}}]",MSK,USA-USFDACVM-2015-US-036464,1987Q1,,,,
Subcutaneous,MSK,QP54AA01,"[{'name': 'Ivermectin', 'dose': {'numerator': '1', 'numerator_unit': 'Unknown', 'denominator': '1', 'denominator_unit': 'Unknown'}}]",MSK,USA-USFDACVM-2015-US-063482,1987Q1,USA-USFDACVM-N128409,Suspension,,
Oral,MSK,QP52A,"[{'name': 'Dichlorophene, Toluene', 'dose': {'numerator': '1', 'numerator_unit': 'Unknown', 'denominator': '1', 'denominator_unit': 'Unknown'}}]",MSK,USA-USFDACVM-2015-US-036760,1987Q1,USA-USFDACVM-N048010,Capsule,,
Oral,MSK,QP52AC57,"[{'name': 'Diethylcarbamazine, Oxibendazole', 'dose': {'numerator': '1', 'numerator_unit': 'Unknown', 'denominator': '1', 'denominator_unit': 'Unknown'}}]",MSK,USA-USFDACVM-2015-US-068261,1987Q1,USA-USFDACVM-N136483,Tablet,,
,MSK,,"[{'dose': {'numerator': '1', 'numerator_unit': 'Unknown', 'denominator': '1', 'denominator_unit': 'Unknown'}}]",MSK,USA-USFDACVM-2015-US-068261,1987Q1,,,,
Oral,MSK,QP52AC59,"[{'name': 'Mebendazole, Trichlorfon', 'dose': {'numerator': '1', 'numerator_unit': 'Unknown', 'denominator': '1', 'denominator_unit': 'Unknown'}}]",MSK,USA-USFDACVM-2015-US-070330,1987Q1,USA-USFDACVM-N138954,Paste,,
Oral,MSK,QP52AC57,"[{'name': 'Diethylcarbamazine, Oxibendazole', 'dose': {'numerator': '1', 'numerator_unit': 'Unknown', 'denominator': '1', 'denominator_unit': 'Unknown'}}]",MSK,USA-USFDACVM-2015-US-068256,1987Q1,USA-USFDACVM-N136483,Tablet,,
Topical,MSK,QP52AE01,"[{'name': 'Levamisole', 'dose': {'numerator': '1', 'numerator_unit': 'Unknown', 'denominator': '1', 'denominator_unit': 'Unknown'}}]",MSK,USA-USFDACVM-2015-US-070942,1987Q1,USA-USFDACVM-N139877,Solution,,
,MSK,,"[{'dose': {'numerator': '1', 'numerator_unit': 'Unknown', 'denominator': '1', 'denominator_unit': 'Unknown'}}]",MSK,USA-USFDACVM-2015-US-070942,1987Q1,,,,
Intramuscular,MSK,QG02AD01,"[{'name': 'Dinoprost Tromethamine', 'dose': {'numerator': '1', 'numerator_unit': 'Unknown', 'denominator': '1', 'denominator_unit': 'Unknown'}}]",MSK,USA-USFDACVM-2015-US-056450,1987Q1,USA-USFDACVM-N108901,Solution,,
Subcutaneous,MSK,QP54AA01,"[{'name': 'Ivermectin', 'dose': {'numerator': '1', 'numerator_unit': 'Unknown', 'denominator': '1', 'denominator_unit': 'Unknown'}}]",MSK,USA-USFDACVM-2015-US-063474,1987Q1,USA-USFDACVM-N128409,Suspension,,
Oral,MSK,QJ01XX10,"[{'name': 'Bacitracin Methylene Disalicylate', 'dose': {'numerator': '1', 'numerator_unit': 'Unknown', 'denominator': '1', 'denominator_unit': 'Unknown'}}]",MSK,USA-USFDACVM-2015-US-036462,1987Q1,,,,
Oral,MSK,QP54AA01,"[{'name': 'Ivermectin', 'dose': {'numerator': '1', 'numerator_unit': 'Unknown', 'denominator': '1', 'denominator_unit': 'Unknown'}}]",MSK,USA-USFDACVM-2015-US-063473,1987Q1,USA-USFDACVM-N128409,Suspension,,
Topical,MSK,QP52AE01,"[{'name': 'Levamisole', 'dose': {'numerator': '1', 'numerator_unit': 'Unknown', 'denominator': '1', 'denominator_unit': 'Unknown'}}]",MSK,USA-USFDACVM-2015-US-070940,1987Q1,USA-USFDACVM-N139877,Solution,,
,MSK,,"[{'dose': {'numerator': '1', 'numerator_unit': 'Unknown', 'denominator': '1', 'denominator_unit': 'Unknown'}}]",MSK,USA-USFDACVM-2015-US-070940,1987Q1,,,,
Oral,MSK,QP52AC59,"[{'name': 'Mebendazole, Trichlorfon', 'dose': {'numerator': '1', 'numerator_unit': 'Unknown', 'denominator': '1', 'denominator_unit': 'Unknown'}}]",MSK,USA-USFDACVM-2015-US-070331,1987Q1,USA-USFDACVM-N138954,Paste,,
Oral,MSK,QP52AC57,"[{'name': 'Diethylcarbamazine, Oxibendazole', 'dose': {'numerator': '1', 'numerator_unit': 'Unknown', 'denominator': '1', 'denominator_unit': 'Unknown'}}]",MSK,USA-USFDACVM-2015-US-068279,1987Q1,USA-USFDACVM-N136483,Tablet,,
Oral,MSK,QP52AC57,"[{'name': 'Diethylcarbamazine, Oxibendazole', 'dose': {'numerator': '1', 'numerator_unit': 'Unknown', 'denominator': '1', 'denominator_unit': 'Unknown'}}]",MSK,USA-USFDACVM-2015-US-068260,1987Q1,USA-USFDACVM-N136483,Tablet,,
Oral,MSK,QP54AA01,"[{'name': 'Ivermectin', 'dose': {'numerator': '1', 'numerator_unit': 'Unknown', 'denominator': '1', 'denominator_unit': 'Unknown'}}]",MSK,USA-USFDACVM-2015-US-069542,1987Q1,USA-USFDACVM-N138412,Tablet,,
Oral,MSK,QP52AH02,"[{'name': 'Diethylcarbamazine Citrate', 'dose': {'numerator': '1', 'numerator_unit': 'Unknown', 'denominator': '1', 'denominator_unit': 'Unknown'}}]",MSK,USA-USFDACVM-2015-US-052698,1987Q1,USA-USFDACVM-N104493,Tablet,,
,MSK,,"[{'dose': {'numerator': '1', 'numerator_unit': 'Unknown', 'denominator': '1', 'denominator_unit': 'Unknown'}}]",MSK,USA-USFDACVM-2015-US-052698,1987Q1,,,,
Oral,MSK,QJ01FF01,"[{'name': 'Clindamycin Hydrochloride', 'dose': {'numerator': '1', 'numerator_unit': 'Unknown', 'denominator': '1', 'denominator_unit': 'Unknown'}}]",MSK,USA-USFDACVM-2015-US-059893,1987Q1,USA-USFDACVM-N120161,Capsule,,
Oral,MSK,QP52AC57,"[{'name': 'Diethylcarbamazine, Oxibendazole', 'dose': {'numerator': '1', 'numerator_unit': 'Unknown', 'denominator': '1', 'denominator_unit': 'Unknown'}}]",MSK,USA-USFDACVM-2015-US-068262,1987Q1,USA-USFDACVM-N136483,Tablet,,
Auricular (Otic),MSK,QS02CA90,"[{'name': 'Betamethasone Valerate, Gentamicin Sulfate', 'dose': {'numerator': '1', 'numerator_unit': 'Unknown', 'denominator': '1', 'denominator_unit': 'Unknown'}}]",MSK,USA-USFDACVM-2015-US-036520,1987Q1,USA-USFDACVM-N046821,,,
,MSK,,"[{'dose': {'numerator': '1', 'numerator_unit': 'Unknown', 'denominator': '1', 'denominator_unit': 'Unknown'}}]",MSK,USA-USFDACVM-2015-US-036520,1987Q1,,,,
Subcutaneous,MSK,QP54AA01,"[{'name': 'Ivermectin', 'dose': {'numerator': '1', 'numerator_unit': 'Unknown', 'denominator': '1', 'denominator_unit': 'Unknown'}}]",MSK,USA-USFDACVM-2015-US-063475,1987Q1,USA-USFDACVM-N128409,Suspension,,
Intramuscular,MSK,QB03AB90,"[{'name': 'Iron Dextran', 'dose': {'numerator': '1', 'numerator_unit': 'Unknown', 'denominator': '1', 'denominator_unit': 'Unknown'}}]",MSK,USA-USFDACVM-2015-US-066288,1987Q1,USA-USFDACVM-N134708,,,
,MSK,,"[{'dose': {'numerator': '1', 'numerator_unit': 'Unknown', 'denominator': '1', 'denominator_unit': 'Unknown'}}]",MSK,USA-USFDACVM-2015-US-066288,1987Q1,,,,
Oral,MSK,QP54AA01,"[{'name': 'Ivermectin', 'dose': {'numerator': '1', 'numerator_unit': 'Unknown', 'denominator': '1', 'denominator_unit': 'Unknown'}}]",MSK,USA-USFDACVM-2015-US-065794,1987Q1,USA-USFDACVM-N134314,Paste,,
Oral,MSK,QP54AA01,"[{'name': 'Ivermectin', 'dose': {'numerator': '1', 'numerator_unit': 'Unknown', 'denominator': '1', 'denominator_unit': 'Unknown'}}]",MSK,-USFDACVM-2015-FN-003145,1987Q1,USA-USFDACVM-N138412,Tablet,,
Oral,MSK,QP52AC57,"[{'name': 'Diethylcarbamazine, Oxibendazole', 'dose': {'numerator': '1', 'numerator_unit': 'Unknown', 'denominator': '1', 'denominator_unit': 'Unknown'}}]",MSK,USA-USFDACVM-2015-US-068289,1987Q1,USA-USFDACVM-N136483,Tablet,,
Oral,MSK,QP52AC57,"[{'name': 'Diethylcarbamazine, Oxibendazole', 'dose': {'numerator': '1', 'numerator_unit': 'Unknown', 'denominator': '1', 'denominator_unit': 'Unknown'}}]",MSK,USA-USFDACVM-2015-US-068309,1987Q1,USA-USFDACVM-N136483,Tablet,,
Oral,MSK,QP52AC57,"[{'name': 'Diethylcarbamazine, Oxibendazole', 'dose': {'numerator': '1', 'numerator_unit': 'Unknown', 'denominator': '1', 'denominator_unit': 'Unknown'}}]",MSK,USA-USFDACVM-2015-US-068295,1987Q1,USA-USFDACVM-N136483,Tablet,,
Oral,MSK,QP52AC57,"[{'name': 'Diethylcarbamazine, Oxibendazole', 'dose': {'numerator': '1', 'numerator_unit': 'Unknown', 'denominator': '1', 'denominator_unit': 'Unknown'}}]",MSK,USA-USFDACVM-2015-US-068287,1987Q1,USA-USFDACVM-N136483,Tablet,,
,MSK,,"[{'dose': {'numerator': '1', 'numerator_unit': 'Unknown', 'denominator': '1', 'denominator_unit': 'Unknown'}}]",MSK,USA-USFDACVM-2015-US-068287,1987Q1,,,,
Oral,MSK,QP52AC57,"[{'name': 'Diethylcarbamazine, Oxibendazole', 'dose': {'numerator': '1', 'numerator_unit': 'Unknown', 'denominator': '1', 'denominator_unit': 'Unknown'}}]",MSK,USA-USFDACVM-2015-US-068293,1987Q1,USA-USFDACVM-N136483,Tablet,,
Oral,MSK,QD01BA01,"[{'name': 'Griseofulvin', 'dose': {'numerator': '1', 'numerator_unit': 'Unknown', 'denominator': '1', 'denominator_unit': 'Unknown'}}]",MSK,USA-USFDACVM-2015-US-017759,1987Q1,USA-USFDACVM-N012227,Tablet,,
Oral,MSK,QP52AX07,"[{'name': 'N-Butyl Chloride', 'dose': {'numerator': '1', 'numerator_unit': 'Unknown', 'denominator': '1', 'denominator_unit': 'Unknown'}}]",MSK,USA-USFDACVM-2015-US-036565,1987Q1,USA-USFDACVM-N046922,Capsule,,
Oral,MSK,QP52A,"[{'name': 'Dichlorophene, Toluene', 'dose': {'numerator': '1', 'numerator_unit': 'Unknown', 'denominator': '1', 'denominator_unit': 'Unknown'}}]",MSK,USA-USFDACVM-2015-US-052453,1987Q1,USA-USFDACVM-N103953,Capsule,,
Oral,MSK,QP54AA01,"[{'name': 'Ivermectin', 'dose': {'numerator': '1', 'numerator_unit': 'Unknown', 'denominator': '1', 'denominator_unit': 'Unknown'}}]",MSK,-USFDACVM-2015-FN-003147,1987Q1,USA-USFDACVM-N138412,Tablet,,
,MSK,,"[{'dose': {'numerator': '1', 'numerator_unit': 'Unknown', 'denominator': '1', 'denominator_unit': 'Unknown'}}]",MSK,-USFDACVM-2015-FN-003147,1987Q1,,,,
Oral,MSK,QP52AC57,"[{'name': 'Diethylcarbamazine, Oxibendazole', 'dose': {'numerator': '1', 'numerator_unit': 'Unknown', 'denominator': '1', 'denominator_unit': 'Unknown'}}]",MSK,USA-USFDACVM-2015-US-068317,1987Q1,USA-USFDACVM-N136483,Tablet,,
