veddra_version,veddra_term_code,veddra_term_name,p_recordID,Period
11,775,Abortion,-USFDACVM-2015-FN-000696,1987Q1
11,913,Hyperpigmentation,USA-USFDACVM-2015-US-059106,1987Q1
11,1196,Scale,USA-USFDACVM-2015-US-059106,1987Q1
11,830,Apnoea,USA-USFDACVM-2015-US-018612,1987Q1
11,854,Tachypnoea,USA-USFDACVM-2015-US-018612,1987Q1
11,984,Death,USA-USFDACVM-2015-US-018612,1987Q1
11,668,Collapse,USA-USFDACVM-2015-US-018612,1987Q1
11,304,Loose stool,USA-USFDACVM-2015-US-062441,1987Q1
11,334,Vomiting,USA-USFDACVM-2015-US-062441,1987Q1
11,1024,Depression,USA-USFDACVM-2015-US-062441,1987Q1
2,99629,"PR-LIVER, LESION(S)",USA-USFDACVM-2015-US-052065,1987Q1
11,334,Vomiting,USA-USFDACVM-2015-US-052065,1987Q1
11,984,Death,USA-USFDACVM-2015-US-052065,1987Q1
11,334,Vomiting,USA-USFDACVM-2015-US-068286,1987Q1
11,499,Icterus,USA-USFDACVM-2015-US-068286,1987Q1
11,116,Behavioural disorder NOS,USA-USFDACVM-2015-US-068286,1987Q1
11,2049,Elevated AST,USA-USFDACVM-2015-US-068286,1987Q1
11,2050,Elevated ALT,USA-USFDACVM-2015-US-068286,1987Q1
11,2052,Elevated total bilirubin,USA-USFDACVM-2015-US-068286,1987Q1
11,2055,Elevated SAP,USA-USFDACVM-2015-US-068286,1987Q1
11,263,Abdominal pain,USA-USFDACVM-2015-US-070337,1987Q1
11,293,Hypersalivation,USA-USFDACVM-2015-US-070337,1987Q1
11,302,Diarrhoea,USA-USFDACVM-2015-US-070337,1987Q1
11,406,Blindness,USA-USFDACVM-2015-US-070337,1987Q1
11,1024,Depression,-USFDACVM-2015-FN-003146,1987Q1
,2027,Haemoglobinuria,-USFDACVM-2015-FN-003146,1987Q1
11,984,Death,-USFDACVM-2015-FN-003146,1987Q1
11,302,Diarrhoea,USA-USFDACVM-2015-US-069541,1987Q1
11,334,Vomiting,USA-USFDACVM-2015-US-069541,1987Q1
11,302,Diarrhoea,USA-USFDACVM-2015-US-047031,1987Q1
11,984,Death,USA-USFDACVM-2015-US-047031,1987Q1
11,996,Anorexia,USA-USFDACVM-2015-US-047031,1987Q1
11,2025,Hind limb paralysis,USA-USFDACVM-2015-US-066370,1987Q1
11,981,Death by euthanasia,USA-USFDACVM-2015-US-066370,1987Q1
2,99594,"PR-BONE(S), LESION(S)",USA-USFDACVM-2015-US-066370,1987Q1
11,2043,Residues in milk,USA-USFDACVM-2015-US-048935,1987Q1
11,89,Injection site necrosis,USA-USFDACVM-2015-US-029254,1987Q1
11,943,Skin slough,USA-USFDACVM-2015-US-029254,1987Q1
11,302,Diarrhoea,USA-USFDACVM-2015-US-068312,1987Q1
11,334,Vomiting,USA-USFDACVM-2015-US-068312,1987Q1
11,499,Icterus,USA-USFDACVM-2015-US-068312,1987Q1
11,1043,Weight loss,USA-USFDACVM-2015-US-068312,1987Q1
11,1942,Elevated liver enzymes,USA-USFDACVM-2015-US-068312,1987Q1
2,99627,"PR-KIDNEY(S), LESION(S)",USA-USFDACVM-2015-US-068312,1987Q1
2,99629,"PR-LIVER, LESION(S)",USA-USFDACVM-2015-US-068312,1987Q1
11,984,Death,USA-USFDACVM-2015-US-068312,1987Q1
2,99679,"PR-SPLEEN, LESION(S)",USA-USFDACVM-2015-US-068312,1987Q1
11,263,Abdominal pain,USA-USFDACVM-2015-US-032905,1987Q1
11,304,Loose stool,USA-USFDACVM-2015-US-032905,1987Q1
11,932,Dermatitis,USA-USFDACVM-2015-US-032905,1987Q1
11,949,Skin hyperaemia,USA-USFDACVM-2015-US-032905,1987Q1
11,686,Twitching,USA-USFDACVM-2015-US-045379,1987Q1
11,854,Tachypnoea,USA-USFDACVM-2015-US-045379,1987Q1
11,118,Hyperactivity,USA-USFDACVM-2015-US-045379,1987Q1
11,163,Leucocytosis,USA-USFDACVM-2015-US-068292,1987Q1
11,334,Vomiting,USA-USFDACVM-2015-US-068292,1987Q1
11,499,Icterus,USA-USFDACVM-2015-US-068292,1987Q1
11,1024,Depression,USA-USFDACVM-2015-US-068292,1987Q1
11,2047,Elevated BUN,USA-USFDACVM-2015-US-068292,1987Q1
11,2049,Elevated AST,USA-USFDACVM-2015-US-068292,1987Q1
11,2052,Elevated total bilirubin,USA-USFDACVM-2015-US-068292,1987Q1
11,2055,Elevated SAP,USA-USFDACVM-2015-US-068292,1987Q1
11,2269,Elevated lactic acid dehydrogenase (LDH),USA-USFDACVM-2015-US-068292,1987Q1
11,984,Death,USA-USFDACVM-2015-US-068292,1987Q1
2,99629,"PR-LIVER, LESION(S)",USA-USFDACVM-2015-US-068292,1987Q1
2,99658,"PR-PANCREAS, LESION(S)",USA-USFDACVM-2015-US-068292,1987Q1
11,996,Anorexia,USA-USFDACVM-2015-US-068288,1987Q1
11,1024,Depression,USA-USFDACVM-2015-US-068288,1987Q1
11,2049,Elevated AST,USA-USFDACVM-2015-US-068288,1987Q1
11,2050,Elevated ALT,USA-USFDACVM-2015-US-068288,1987Q1
11,2055,Elevated SAP,USA-USFDACVM-2015-US-068288,1987Q1
11,2269,Elevated lactic acid dehydrogenase (LDH),USA-USFDACVM-2015-US-068288,1987Q1
11,984,Death,USA-USFDACVM-2015-US-047029,1987Q1
11,1043,Weight loss,USA-USFDACVM-2015-US-068298,1987Q1
11,1024,Depression,USA-USFDACVM-2015-US-068298,1987Q1
11,119,Restlessness,USA-USFDACVM-2015-US-068298,1987Q1
11,263,Abdominal pain,USA-USFDACVM-2015-US-063251,1987Q1
11,984,Death,USA-USFDACVM-2015-US-063251,1987Q1
11,996,Anorexia,USA-USFDACVM-2015-US-063251,1987Q1
11,1208,Dehydration,USA-USFDACVM-2015-US-063251,1987Q1
11,142,Anaemia NOS,USA-USFDACVM-2015-US-068268,1987Q1
11,163,Leucocytosis,USA-USFDACVM-2015-US-068268,1987Q1
11,2052,Elevated total bilirubin,USA-USFDACVM-2015-US-068268,1987Q1
11,2055,Elevated SAP,USA-USFDACVM-2015-US-068268,1987Q1
11,2266,Elevated cholesterol (total),USA-USFDACVM-2015-US-068268,1987Q1
11,2269,Elevated lactic acid dehydrogenase (LDH),USA-USFDACVM-2015-US-068268,1987Q1
2,99233,COOMBS TEST POSITIVE,USA-USFDACVM-2015-US-068268,1987Q1
11,984,Death,USA-USFDACVM-2015-US-032919,1987Q1
11,1009,Cyanosis,USA-USFDACVM-2015-US-032919,1987Q1
11,658,Recumbency,USA-USFDACVM-2015-US-032919,1987Q1
11,984,Death,USA-USFDACVM-2015-US-066720,1987Q1
11,118,Hyperactivity,USA-USFDACVM-2015-US-066720,1987Q1
11,654,Ataxia,USA-USFDACVM-2015-US-066720,1987Q1
11,1226,Paddling,USA-USFDACVM-2015-US-017403,1987Q1
11,984,Death,USA-USFDACVM-2015-US-017403,1987Q1
11,668,Collapse,USA-USFDACVM-2015-US-017403,1987Q1
11,2043,Residues in milk,USA-USFDACVM-2015-US-048937,1987Q1
11,2047,Elevated BUN,USA-USFDACVM-2015-US-068296,1987Q1
11,263,Abdominal pain,USA-USFDACVM-2015-US-068296,1987Q1
11,334,Vomiting,USA-USFDACVM-2015-US-068296,1987Q1
11,2050,Elevated ALT,USA-USFDACVM-2015-US-068296,1987Q1
11,2055,Elevated SAP,USA-USFDACVM-2015-US-068296,1987Q1
11,996,Anorexia,-USFDACVM-2015-FN-003144,1987Q1
11,1024,Depression,-USFDACVM-2015-FN-003144,1987Q1
11,493,Hepatitis,USA-USFDACVM-2015-US-039762,1987Q1
11,981,Death by euthanasia,USA-USFDACVM-2015-US-039762,1987Q1
11,720,Renal failure,USA-USFDACVM-2015-US-039762,1987Q1
11,521,Urticaria,USA-USFDACVM-2015-US-056713,1987Q1
11,334,Vomiting,USA-USFDACVM-2015-US-068306,1987Q1
11,499,Icterus,USA-USFDACVM-2015-US-068306,1987Q1
11,1030,Ascites,USA-USFDACVM-2015-US-068306,1987Q1
11,1024,Depression,USA-USFDACVM-2015-US-068306,1987Q1
11,1942,Elevated liver enzymes,USA-USFDACVM-2015-US-068306,1987Q1
11,334,Vomiting,-USFDACVM-2015-FN-003142,1987Q1
2,99160,"INEFFECTIVE, WORMS",-USFDACVM-2015-FN-001492,1987Q1
11,263,Abdominal pain,USA-USFDACVM-2015-US-049917,1987Q1
11,302,Diarrhoea,USA-USFDACVM-2015-US-049917,1987Q1
11,696,Paralysis,USA-USFDACVM-2015-US-063480,1987Q1
11,984,Death,USA-USFDACVM-2015-US-063480,1987Q1
11,1019,Stupor,USA-USFDACVM-2015-US-063480,1987Q1
11,659,Confusion,USA-USFDACVM-2015-US-063480,1987Q1
11,631,Central nervous system disorder NOS,USA-USFDACVM-2015-US-066368,1987Q1
11,984,Death,USA-USFDACVM-2015-US-066368,1987Q1
2,99629,"PR-LIVER, LESION(S)",USA-USFDACVM-2015-US-066368,1987Q1
11,981,Death by euthanasia,USA-USFDACVM-2015-US-068278,1987Q1
11,996,Anorexia,USA-USFDACVM-2015-US-068278,1987Q1
11,1030,Ascites,USA-USFDACVM-2015-US-068278,1987Q1
11,1024,Depression,USA-USFDACVM-2015-US-068278,1987Q1
11,2050,Elevated ALT,USA-USFDACVM-2015-US-068278,1987Q1
11,2055,Elevated SAP,USA-USFDACVM-2015-US-068278,1987Q1
11,1032,Fever,USA-USFDACVM-2015-US-068320,1987Q1
11,2050,Elevated ALT,USA-USFDACVM-2015-US-068320,1987Q1
11,2055,Elevated SAP,USA-USFDACVM-2015-US-068320,1987Q1
11,334,Vomiting,USA-USFDACVM-2015-US-068320,1987Q1
11,996,Anorexia,USA-USFDACVM-2015-US-068320,1987Q1
11,163,Leucocytosis,USA-USFDACVM-2015-US-068294,1987Q1
11,1024,Depression,USA-USFDACVM-2015-US-068294,1987Q1
11,2050,Elevated ALT,USA-USFDACVM-2015-US-068294,1987Q1
11,2055,Elevated SAP,USA-USFDACVM-2015-US-068294,1987Q1
11,334,Vomiting,USA-USFDACVM-2015-US-068276,1987Q1
11,499,Icterus,USA-USFDACVM-2015-US-068276,1987Q1
11,996,Anorexia,USA-USFDACVM-2015-US-068276,1987Q1
11,2049,Elevated AST,USA-USFDACVM-2015-US-068276,1987Q1
11,2050,Elevated ALT,USA-USFDACVM-2015-US-068276,1987Q1
11,2055,Elevated SAP,USA-USFDACVM-2015-US-068276,1987Q1
11,317,Melaena,USA-USFDACVM-2015-US-068304,1987Q1
11,334,Vomiting,USA-USFDACVM-2015-US-068304,1987Q1
11,499,Icterus,USA-USFDACVM-2015-US-068304,1987Q1
11,996,Anorexia,USA-USFDACVM-2015-US-068304,1987Q1
11,1942,Elevated liver enzymes,USA-USFDACVM-2015-US-068304,1987Q1
11,984,Death,USA-USFDACVM-2015-US-070329,1987Q1
11,984,Death,USA-USFDACVM-2015-US-068282,1987Q1
2,99627,"PR-KIDNEY(S), LESION(S)",USA-USFDACVM-2015-US-068282,1987Q1
2,99629,"PR-LIVER, LESION(S)",USA-USFDACVM-2015-US-068282,1987Q1
2,99679,"PR-SPLEEN, LESION(S)",USA-USFDACVM-2015-US-068282,1987Q1
11,996,Anorexia,USA-USFDACVM-2015-US-068282,1987Q1
11,1024,Depression,USA-USFDACVM-2015-US-068282,1987Q1
11,984,Death,-USFDACVM-2015-FN-001493,1987Q1
11,1027,Malaise,-USFDACVM-2015-FN-001493,1987Q1
11,996,Anorexia,-USFDACVM-2015-FN-003148,1987Q1
11,1024,Depression,-USFDACVM-2015-FN-003148,1987Q1
11,202,Cardiac disorder NOS,-USFDACVM-2015-FN-003148,1987Q1
,2027,Haemoglobinuria,-USFDACVM-2015-FN-003148,1987Q1
11,334,Vomiting,USA-USFDACVM-2015-US-068318,1987Q1
11,1043,Weight loss,USA-USFDACVM-2015-US-068318,1987Q1
11,1024,Depression,USA-USFDACVM-2015-US-068318,1987Q1
11,2049,Elevated AST,USA-USFDACVM-2015-US-068318,1987Q1
11,2050,Elevated ALT,USA-USFDACVM-2015-US-068318,1987Q1
11,2055,Elevated SAP,USA-USFDACVM-2015-US-068318,1987Q1
2,99112,"INEFFECTIVE, HOOKS",USA-USFDACVM-2015-US-068310,1987Q1
2,99158,"INEFFECTIVE, WHIPS",USA-USFDACVM-2015-US-068310,1987Q1
11,981,Death by euthanasia,USA-USFDACVM-2015-US-031321,1987Q1
11,720,Renal failure,USA-USFDACVM-2015-US-031321,1987Q1
11,2047,Elevated BUN,USA-USFDACVM-2015-US-031321,1987Q1
11,2048,Elevated creatinine,USA-USFDACVM-2015-US-031321,1987Q1
11,984,Death,USA-USFDACVM-2015-US-063470,1987Q1
11,775,Abortion,USA-USFDACVM-2015-US-046711,1987Q1
11,984,Death,USA-USFDACVM-2015-US-068314,1987Q1
2,99632,"PR-LYMPH NODE(S), LESION(S)",USA-USFDACVM-2015-US-068314,1987Q1
2,99623,"PR-INTEST, LESION(S)",USA-USFDACVM-2015-US-068314,1987Q1
11,302,Diarrhoea,USA-USFDACVM-2015-US-068314,1987Q1
11,334,Vomiting,USA-USFDACVM-2015-US-068314,1987Q1
11,996,Anorexia,USA-USFDACVM-2015-US-068314,1987Q1
11,1024,Depression,USA-USFDACVM-2015-US-068314,1987Q1
11,652,Circling,USA-USFDACVM-2015-US-052454,1987Q1
11,1027,Malaise,USA-USFDACVM-2015-US-052454,1987Q1
11,1024,Depression,USA-USFDACVM-2015-US-052454,1987Q1
2,99623,"PR-INTEST, LESION(S)",USA-USFDACVM-2015-US-051543,1987Q1
2,99668,PR-PLEURAL EFFUSION,USA-USFDACVM-2015-US-051543,1987Q1
11,91,Injection site swelling,USA-USFDACVM-2015-US-051543,1987Q1
11,93,Injection site pain,USA-USFDACVM-2015-US-051543,1987Q1
11,103,Injection site weeping (see also 'skin'),USA-USFDACVM-2015-US-051543,1987Q1
11,1032,Fever,USA-USFDACVM-2015-US-051543,1987Q1
11,984,Death,USA-USFDACVM-2015-US-051543,1987Q1
2,99654,"PR-MUSCLE(S), LESION(S)",USA-USFDACVM-2015-US-051543,1987Q1
11,642,Convulsion,USA-USFDACVM-2015-US-068302,1987Q1
11,91,Injection site swelling,USA-USFDACVM-2015-US-016877,1987Q1
11,839,Dyspnoea,USA-USFDACVM-2015-US-016877,1987Q1
11,984,Death,USA-USFDACVM-2015-US-016877,1987Q1
11,1032,Fever,USA-USFDACVM-2015-US-016877,1987Q1
11,334,Vomiting,USA-USFDACVM-2015-US-068274,1987Q1
11,984,Death,USA-USFDACVM-2015-US-068274,1987Q1
11,996,Anorexia,USA-USFDACVM-2015-US-068274,1987Q1
11,2049,Elevated AST,USA-USFDACVM-2015-US-068274,1987Q1
11,2050,Elevated ALT,USA-USFDACVM-2015-US-068274,1987Q1
11,2052,Elevated total bilirubin,USA-USFDACVM-2015-US-068274,1987Q1
11,2055,Elevated SAP,USA-USFDACVM-2015-US-068274,1987Q1
2,99226,"CHLORIDE LOW, BLOOD",USA-USFDACVM-2015-US-068274,1987Q1
11,2046,Hyperphosphataemia,USA-USFDACVM-2015-US-068274,1987Q1
2,99363,"URIC ACID HIGH, BLD",USA-USFDACVM-2015-US-068274,1987Q1
2,99629,"PR-LIVER, LESION(S)",USA-USFDACVM-2015-US-068274,1987Q1
11,1205,Skin petechiae,USA-USFDACVM-2015-US-059892,1987Q1
11,195,Cardiac arrest,USA-USFDACVM-2015-US-032864,1987Q1
11,830,Apnoea,USA-USFDACVM-2015-US-032864,1987Q1
11,984,Death,USA-USFDACVM-2015-US-032864,1987Q1
11,263,Abdominal pain,USA-USFDACVM-2015-US-070339,1987Q1
11,304,Loose stool,USA-USFDACVM-2015-US-070339,1987Q1
11,996,Anorexia,USA-USFDACVM-2015-US-070339,1987Q1
11,636,Head pressing,USA-USFDACVM-2015-US-068284,1987Q1
11,981,Death by euthanasia,USA-USFDACVM-2015-US-068284,1987Q1
11,113,Aggression,USA-USFDACVM-2015-US-068284,1987Q1
11,116,Behavioural disorder NOS,USA-USFDACVM-2015-US-068284,1987Q1
11,163,Leucocytosis,USA-USFDACVM-2015-US-068284,1987Q1
11,2050,Elevated ALT,USA-USFDACVM-2015-US-068284,1987Q1
11,2055,Elevated SAP,USA-USFDACVM-2015-US-068284,1987Q1
11,687,Trembling,USA-USFDACVM-2015-US-063472,1987Q1
11,698,Paresis,USA-USFDACVM-2015-US-063472,1987Q1
11,996,Anorexia,USA-USFDACVM-2015-US-063472,1987Q1
11,1023,Weakness,USA-USFDACVM-2015-US-063472,1987Q1
11,658,Recumbency,USA-USFDACVM-2015-US-070333,1987Q1
11,1023,Weakness,USA-USFDACVM-2015-US-070333,1987Q1
11,1039,Lack of efficacy,USA-USFDACVM-2015-US-036463,1987Q1
11,293,Hypersalivation,-USFDACVM-2015-FN-001494,1987Q1
11,654,Ataxia,-USFDACVM-2015-FN-001494,1987Q1
2,99942,DEATH-SLAUGHTERED,-USFDACVM-2015-FN-001494,1987Q1
11,984,Death,-USFDACVM-2015-FN-000372,1987Q1
11,160,Thrombocytopenia,-USFDACVM-2015-FN-001040,1987Q1
11,177,Haemorrhage NOS,-USFDACVM-2015-FN-001040,1987Q1
2,99112,"INEFFECTIVE, HOOKS",USA-USFDACVM-2015-US-068308,1987Q1
11,263,Abdominal pain,USA-USFDACVM-2015-US-070335,1987Q1
11,293,Hypersalivation,USA-USFDACVM-2015-US-070335,1987Q1
11,302,Diarrhoea,USA-USFDACVM-2015-US-070335,1987Q1
2,99658,"PR-PANCREAS, LESION(S)",USA-USFDACVM-2015-US-068266,1987Q1
11,642,Convulsion,USA-USFDACVM-2015-US-068266,1987Q1
11,334,Vomiting,USA-USFDACVM-2015-US-068266,1987Q1
11,996,Anorexia,USA-USFDACVM-2015-US-068266,1987Q1
11,2050,Elevated ALT,USA-USFDACVM-2015-US-068266,1987Q1
11,2055,Elevated SAP,USA-USFDACVM-2015-US-068266,1987Q1
2,99629,"PR-LIVER, LESION(S)",USA-USFDACVM-2015-US-068266,1987Q1
11,521,Urticaria,USA-USFDACVM-2015-US-061093,1987Q1
11,263,Abdominal pain,USA-USFDACVM-2015-US-061093,1987Q1
11,996,Anorexia,USA-USFDACVM-2015-US-061093,1987Q1
11,1032,Fever,USA-USFDACVM-2015-US-061093,1987Q1
11,984,Death,USA-USFDACVM-2015-US-068290,1987Q1
11,334,Vomiting,USA-USFDACVM-2015-US-068290,1987Q1
11,996,Anorexia,USA-USFDACVM-2015-US-068290,1987Q1
11,2050,Elevated ALT,USA-USFDACVM-2015-US-068290,1987Q1
11,2055,Elevated SAP,USA-USFDACVM-2015-US-068290,1987Q1
11,334,Vomiting,USA-USFDACVM-2015-US-068280,1987Q1
11,996,Anorexia,USA-USFDACVM-2015-US-068280,1987Q1
2,99629,"PR-LIVER, LESION(S)",USA-USFDACVM-2015-US-068280,1987Q1
11,631,Central nervous system disorder NOS,-USFDACVM-2015-FN-001495,1987Q1
11,984,Death,-USFDACVM-2015-FN-001495,1987Q1
11,1027,Malaise,-USFDACVM-2015-FN-001495,1987Q1
11,160,Thrombocytopenia,-USFDACVM-2015-FN-001041,1987Q1
11,177,Haemorrhage NOS,-USFDACVM-2015-FN-001041,1987Q1
11,1214,Swelling NOS,-USFDACVM-2015-FN-001041,1987Q1
11,2038,Ecchymosis,-USFDACVM-2015-FN-001041,1987Q1
11,2047,Elevated BUN,-USFDACVM-2015-FN-001041,1987Q1
11,2048,Elevated creatinine,-USFDACVM-2015-FN-001041,1987Q1
11,113,Aggression,USA-USFDACVM-2015-US-029255,1987Q1
11,531,Agalactia,USA-USFDACVM-2015-US-037602,1987Q1
11,263,Abdominal pain,USA-USFDACVM-2015-US-061092,1987Q1
11,142,Anaemia NOS,USA-USFDACVM-2015-US-068301,1987Q1
11,214,Murmur,USA-USFDACVM-2015-US-068301,1987Q1
11,317,Melaena,USA-USFDACVM-2015-US-068301,1987Q1
11,543,Polydipsia,USA-USFDACVM-2015-US-068301,1987Q1
11,718,Polyuria,USA-USFDACVM-2015-US-068301,1987Q1
11,2182,Azotaemia,USA-USFDACVM-2015-US-068301,1987Q1
11,1057,Coagulopathy,USA-USFDACVM-2015-US-068301,1987Q1
11,160,Thrombocytopenia,USA-USFDACVM-2015-US-068301,1987Q1
11,499,Icterus,USA-USFDACVM-2015-US-068301,1987Q1
11,996,Anorexia,USA-USFDACVM-2015-US-068301,1987Q1
11,1030,Ascites,USA-USFDACVM-2015-US-068301,1987Q1
11,1043,Weight loss,USA-USFDACVM-2015-US-068301,1987Q1
11,116,Behavioural disorder NOS,USA-USFDACVM-2015-US-068301,1987Q1
11,2052,Elevated total bilirubin,USA-USFDACVM-2015-US-068301,1987Q1
11,2055,Elevated SAP,USA-USFDACVM-2015-US-068301,1987Q1
11,2073,Abdominal cavity haemorrhage,USA-USFDACVM-2015-US-068301,1987Q1
11,2155,Hyperproteinaemia,USA-USFDACVM-2015-US-068301,1987Q1
2,99629,"PR-LIVER, LESION(S)",USA-USFDACVM-2015-US-068301,1987Q1
11,1942,Elevated liver enzymes,USA-USFDACVM-2015-US-068301,1987Q1
11,2067,Increased sexual interest,USA-USFDACVM-2015-US-058977,1987Q1
11,1214,Swelling NOS,USA-USFDACVM-2015-US-063478,1987Q1
11,984,Death,USA-USFDACVM-2015-US-063478,1987Q1
2,99112,"INEFFECTIVE, HOOKS",USA-USFDACVM-2015-US-068259,1987Q1
11,334,Vomiting,USA-USFDACVM-2015-US-068259,1987Q1
11,512,Anaphylaxis,USA-USFDACVM-2015-US-059107,1987Q1
11,2038,Ecchymosis,USA-USFDACVM-2015-US-059107,1987Q1
2,99082,"INEFFECTIVE, ANESTHESIA",USA-USFDACVM-2015-US-032862,1987Q1
11,192,Tachycardia,USA-USFDACVM-2015-US-063476,1987Q1
11,512,Anaphylaxis,USA-USFDACVM-2015-US-063476,1987Q1
11,839,Dyspnoea,USA-USFDACVM-2015-US-063476,1987Q1
11,1024,Depression,USA-USFDACVM-2015-US-063476,1987Q1
11,984,Death,-USFDACVM-2015-FN-003143,1987Q1
11,884,Cough,-USFDACVM-2015-FN-003143,1987Q1
11,302,Diarrhoea,USA-USFDACVM-2015-US-068263,1987Q1
11,334,Vomiting,USA-USFDACVM-2015-US-068263,1987Q1
11,1043,Weight loss,USA-USFDACVM-2015-US-068263,1987Q1
11,163,Leucocytosis,USA-USFDACVM-2015-US-068313,1987Q1
11,334,Vomiting,USA-USFDACVM-2015-US-068313,1987Q1
11,1024,Depression,USA-USFDACVM-2015-US-068313,1987Q1
11,499,Icterus,USA-USFDACVM-2015-US-068313,1987Q1
11,996,Anorexia,USA-USFDACVM-2015-US-068313,1987Q1
11,1030,Ascites,USA-USFDACVM-2015-US-068313,1987Q1
11,2050,Elevated ALT,USA-USFDACVM-2015-US-068313,1987Q1
11,2052,Elevated total bilirubin,USA-USFDACVM-2015-US-068313,1987Q1
11,2055,Elevated SAP,USA-USFDACVM-2015-US-068313,1987Q1
11,1883,Hypoalbuminaemia,USA-USFDACVM-2015-US-068313,1987Q1
11,263,Abdominal pain,USA-USFDACVM-2015-US-070338,1987Q1
11,293,Hypersalivation,USA-USFDACVM-2015-US-070338,1987Q1
11,1024,Depression,USA-USFDACVM-2015-US-070338,1987Q1
11,1077,Tongue oedema,USA-USFDACVM-2015-US-070338,1987Q1
2,99115,"INEFFECTIVE, HEARTWORM LARVAE",USA-USFDACVM-2015-US-068277,1987Q1
11,334,Vomiting,USA-USFDACVM-2015-US-068291,1987Q1
11,2050,Elevated ALT,USA-USFDACVM-2015-US-068291,1987Q1
11,668,Collapse,USA-USFDACVM-2015-US-068255,1987Q1
11,334,Vomiting,USA-USFDACVM-2015-US-068303,1987Q1
11,996,Anorexia,USA-USFDACVM-2015-US-068303,1987Q1
11,2049,Elevated AST,USA-USFDACVM-2015-US-068303,1987Q1
11,2050,Elevated ALT,USA-USFDACVM-2015-US-068303,1987Q1
11,2052,Elevated total bilirubin,USA-USFDACVM-2015-US-068303,1987Q1
11,2055,Elevated SAP,USA-USFDACVM-2015-US-068303,1987Q1
11,617,Laminitis,USA-USFDACVM-2015-US-061094,1987Q1
11,334,Vomiting,USA-USFDACVM-2015-US-068275,1987Q1
11,996,Anorexia,USA-USFDACVM-2015-US-068275,1987Q1
11,1976,Hypoproteinaemia,USA-USFDACVM-2015-US-068275,1987Q1
11,2049,Elevated AST,USA-USFDACVM-2015-US-068275,1987Q1
11,2050,Elevated ALT,USA-USFDACVM-2015-US-068275,1987Q1
11,2051,Elevated bile acids,USA-USFDACVM-2015-US-068275,1987Q1
11,2055,Elevated SAP,USA-USFDACVM-2015-US-068275,1987Q1
11,263,Abdominal pain,USA-USFDACVM-2015-US-070336,1987Q1
11,293,Hypersalivation,USA-USFDACVM-2015-US-070336,1987Q1
11,302,Diarrhoea,USA-USFDACVM-2015-US-070336,1987Q1
11,1024,Depression,USA-USFDACVM-2015-US-070336,1987Q1
2,99093,"INEFFECTIVE, COCCIDIA",-USFDACVM-2015-FN-000622,1987Q1
3,99831,Inappropriate preparation of medication,-USFDACVM-2015-FN-000622,1987Q1
11,984,Death,-USFDACVM-2015-FN-002609,1987Q1
11,512,Anaphylaxis,-USFDACVM-2015-FN-000373,1987Q1
11,984,Death,-USFDACVM-2015-FN-000373,1987Q1
11,118,Hyperactivity,-USFDACVM-2015-FN-000373,1987Q1
11,642,Convulsion,USA-USFDACVM-2015-US-045862,1987Q1
11,654,Ataxia,USA-USFDACVM-2015-US-045862,1987Q1
11,687,Trembling,USA-USFDACVM-2015-US-045862,1987Q1
11,406,Blindness,-USFDACVM-2015-FN-001491,1987Q1
11,631,Central nervous system disorder NOS,-USFDACVM-2015-FN-001491,1987Q1
11,654,Ataxia,-USFDACVM-2015-FN-001491,1987Q1
11,981,Death by euthanasia,-USFDACVM-2015-FN-001491,1987Q1
11,2031,Penile prolapse,USA-USFDACVM-2015-US-058707,1987Q1
11,302,Diarrhoea,USA-USFDACVM-2015-US-068311,1987Q1
11,334,Vomiting,USA-USFDACVM-2015-US-068311,1987Q1
11,499,Icterus,USA-USFDACVM-2015-US-068257,1987Q1
11,996,Anorexia,USA-USFDACVM-2015-US-068257,1987Q1
11,2050,Elevated ALT,USA-USFDACVM-2015-US-068257,1987Q1
11,2052,Elevated total bilirubin,USA-USFDACVM-2015-US-068257,1987Q1
11,2055,Elevated SAP,USA-USFDACVM-2015-US-068257,1987Q1
2,99112,"INEFFECTIVE, HOOKS",USA-USFDACVM-2015-US-052064,1987Q1
2,99088,"INEFFECTIVE, ASCARIDS",USA-USFDACVM-2015-US-068273,1987Q1
11,293,Hypersalivation,USA-USFDACVM-2015-US-051913,1987Q1
11,687,Trembling,USA-USFDACVM-2015-US-051913,1987Q1
2,99942,DEATH-SLAUGHTERED,USA-USFDACVM-2015-US-051913,1987Q1
11,658,Recumbency,USA-USFDACVM-2015-US-051913,1987Q1
11,1039,Lack of efficacy,USA-USFDACVM-2015-US-065183,1987Q1
11,293,Hypersalivation,USA-USFDACVM-2015-US-038491,1987Q1
11,512,Anaphylaxis,USA-USFDACVM-2015-US-038491,1987Q1
11,839,Dyspnoea,USA-USFDACVM-2015-US-038491,1987Q1
11,1009,Cyanosis,USA-USFDACVM-2015-US-038491,1987Q1
11,1110,Facial oedema,USA-USFDACVM-2015-US-038491,1987Q1
11,2043,Residues in milk,USA-USFDACVM-2015-US-048936,1987Q1
11,981,Death by euthanasia,USA-USFDACVM-2015-US-068285,1987Q1
11,1030,Ascites,USA-USFDACVM-2015-US-068285,1987Q1
2,99629,"PR-LIVER, LESION(S)",USA-USFDACVM-2015-US-068285,1987Q1
2,99629,"PR-LIVER, LESION(S)",USA-USFDACVM-2015-US-048751,1987Q1
11,263,Abdominal pain,USA-USFDACVM-2015-US-048751,1987Q1
11,996,Anorexia,USA-USFDACVM-2015-US-048751,1987Q1
11,1024,Depression,USA-USFDACVM-2015-US-048751,1987Q1
11,499,Icterus,USA-USFDACVM-2015-US-068300,1987Q1
11,2050,Elevated ALT,USA-USFDACVM-2015-US-068300,1987Q1
11,2055,Elevated SAP,USA-USFDACVM-2015-US-068300,1987Q1
11,406,Blindness,-USFDACVM-2015-FN-002610,1987Q1
11,654,Ataxia,-USFDACVM-2015-FN-002610,1987Q1
11,690,Mydriasis,-USFDACVM-2015-FN-002610,1987Q1
11,1024,Depression,-USFDACVM-2015-FN-002610,1987Q1
11,1952,Alkaline urine,USA-USFDACVM-2015-US-068264,1987Q1
2,99255,HYPERGLOBULINEMIA,USA-USFDACVM-2015-US-068264,1987Q1
11,718,Polyuria,USA-USFDACVM-2015-US-068264,1987Q1
11,1029,Oedema NOS (see other SOCs for specific oedemas),USA-USFDACVM-2015-US-068264,1987Q1
11,1030,Ascites,USA-USFDACVM-2015-US-068264,1987Q1
11,2050,Elevated ALT,USA-USFDACVM-2015-US-068264,1987Q1
11,2055,Elevated SAP,USA-USFDACVM-2015-US-068264,1987Q1
11,2155,Hyperproteinaemia,USA-USFDACVM-2015-US-068264,1987Q1
11,164,Leucopenia,USA-USFDACVM-2015-US-063469,1987Q1
11,2245,Elevated creatine-kinase (CK),USA-USFDACVM-2015-US-063469,1987Q1
11,984,Death,USA-USFDACVM-2015-US-063469,1987Q1
11,644,Opisthotonus,USA-USFDACVM-2015-US-063469,1987Q1
11,690,Mydriasis,USA-USFDACVM-2015-US-063469,1987Q1
11,735,Urinary incontinence,USA-USFDACVM-2015-US-063469,1987Q1
11,658,Recumbency,USA-USFDACVM-2015-US-063469,1987Q1
11,1069,Faecal incontinence,USA-USFDACVM-2015-US-063469,1987Q1
11,667,Loss of consciousness,USA-USFDACVM-2015-US-063469,1987Q1
11,299,Buccal irritation,USA-USFDACVM-2015-US-069378,1987Q1
11,263,Abdominal pain,USA-USFDACVM-2015-US-069378,1987Q1
11,521,Urticaria,USA-USFDACVM-2015-US-069378,1987Q1
,672,Organophosphate toxicity NOS,USA-USFDACVM-2015-US-069378,1987Q1
11,654,Ataxia,USA-USFDACVM-2015-US-063483,1987Q1
11,687,Trembling,USA-USFDACVM-2015-US-063483,1987Q1
11,659,Confusion,USA-USFDACVM-2015-US-063483,1987Q1
2,99160,"INEFFECTIVE, WORMS",USA-USFDACVM-2015-US-070449,1987Q1
11,984,Death,USA-USFDACVM-2015-US-070449,1987Q1
11,984,Death,USA-USFDACVM-2015-US-029528,1987Q1
11,776,Birth defect,USA-USFDACVM-2015-US-062442,1987Q1
11,996,Anorexia,USA-USFDACVM-2015-US-062442,1987Q1
11,302,Diarrhoea,USA-USFDACVM-2015-US-068319,1987Q1
11,334,Vomiting,USA-USFDACVM-2015-US-068319,1987Q1
11,1024,Depression,USA-USFDACVM-2015-US-068319,1987Q1
11,512,Anaphylaxis,USA-USFDACVM-2015-US-055600,1987Q1
11,984,Death,USA-USFDACVM-2015-US-055600,1987Q1
11,117,Hallucination,USA-USFDACVM-2015-US-032863,1987Q1
11,654,Ataxia,USA-USFDACVM-2015-US-063471,1987Q1
11,698,Paresis,USA-USFDACVM-2015-US-063471,1987Q1
11,984,Death,USA-USFDACVM-2015-US-063471,1987Q1
11,996,Anorexia,USA-USFDACVM-2015-US-063471,1987Q1
11,658,Recumbency,USA-USFDACVM-2015-US-063471,1987Q1
11,1024,Depression,USA-USFDACVM-2015-US-063471,1987Q1
11,984,Death,USA-USFDACVM-2015-US-036697,1987Q1
11,654,Ataxia,USA-USFDACVM-2015-US-036697,1987Q1
11,118,Hyperactivity,USA-USFDACVM-2015-US-036697,1987Q1
11,334,Vomiting,USA-USFDACVM-2015-US-068265,1987Q1
11,984,Death,USA-USFDACVM-2015-US-058857,1987Q1
11,996,Anorexia,USA-USFDACVM-2015-US-068315,1987Q1
11,1024,Depression,USA-USFDACVM-2015-US-068315,1987Q1
11,2049,Elevated AST,USA-USFDACVM-2015-US-068315,1987Q1
11,2050,Elevated ALT,USA-USFDACVM-2015-US-068315,1987Q1
11,2055,Elevated SAP,USA-USFDACVM-2015-US-068315,1987Q1
11,2050,Elevated ALT,USA-USFDACVM-2015-US-068307,1987Q1
11,499,Icterus,USA-USFDACVM-2015-US-068307,1987Q1
11,1043,Weight loss,USA-USFDACVM-2015-US-068307,1987Q1
11,1024,Depression,USA-USFDACVM-2015-US-068307,1987Q1
11,2049,Elevated AST,USA-USFDACVM-2015-US-068307,1987Q1
11,2052,Elevated total bilirubin,USA-USFDACVM-2015-US-068307,1987Q1
11,2055,Elevated SAP,USA-USFDACVM-2015-US-068307,1987Q1
11,984,Death,USA-USFDACVM-2015-US-068307,1987Q1
2,99629,"PR-LIVER, LESION(S)",USA-USFDACVM-2015-US-068307,1987Q1
2,99679,"PR-SPLEEN, LESION(S)",USA-USFDACVM-2015-US-068307,1987Q1
11,981,Death by euthanasia,USA-USFDACVM-2015-US-059894,1987Q1
11,334,Vomiting,USA-USFDACVM-2015-US-059894,1987Q1
11,2047,Elevated BUN,USA-USFDACVM-2015-US-059894,1987Q1
11,2048,Elevated creatinine,USA-USFDACVM-2015-US-059894,1987Q1
11,2050,Elevated ALT,USA-USFDACVM-2015-US-059894,1987Q1
11,984,Death,USA-USFDACVM-2015-US-031397,1987Q1
11,658,Recumbency,USA-USFDACVM-2015-US-031397,1987Q1
11,1023,Weakness,USA-USFDACVM-2015-US-031397,1987Q1
11,1012,Pain NOS,USA-USFDACVM-2015-US-070941,1987Q1
11,119,Restlessness,USA-USFDACVM-2015-US-070941,1987Q1
11,91,Injection site swelling,USA-USFDACVM-2015-US-051912,1987Q1
11,631,Central nervous system disorder NOS,USA-USFDACVM-2015-US-066369,1987Q1
11,984,Death,USA-USFDACVM-2015-US-066369,1987Q1
11,263,Abdominal pain,USA-USFDACVM-2015-US-070334,1987Q1
11,302,Diarrhoea,USA-USFDACVM-2015-US-070334,1987Q1
11,499,Icterus,USA-USFDACVM-2015-US-068258,1987Q1
11,996,Anorexia,USA-USFDACVM-2015-US-068258,1987Q1
11,1032,Fever,USA-USFDACVM-2015-US-068258,1987Q1
11,1024,Depression,USA-USFDACVM-2015-US-068258,1987Q1
11,2049,Elevated AST,USA-USFDACVM-2015-US-068258,1987Q1
11,2050,Elevated ALT,USA-USFDACVM-2015-US-068258,1987Q1
11,2052,Elevated total bilirubin,USA-USFDACVM-2015-US-068258,1987Q1
11,2055,Elevated SAP,USA-USFDACVM-2015-US-068258,1987Q1
11,2238,Elevated gamma-glutamyl transferase (GGT),USA-USFDACVM-2015-US-068258,1987Q1
11,2265,Decreased cholesterol (total),USA-USFDACVM-2015-US-068258,1987Q1
11,1883,Hypoalbuminaemia,USA-USFDACVM-2015-US-068258,1987Q1
2,99255,HYPERGLOBULINEMIA,USA-USFDACVM-2015-US-068258,1987Q1
11,854,Tachypnoea,USA-USFDACVM-2015-US-063477,1987Q1
11,996,Anorexia,USA-USFDACVM-2015-US-063477,1987Q1
11,1180,Respiratory tract disorder NOS,USA-USFDACVM-2015-US-063477,1987Q1
11,1024,Depression,USA-USFDACVM-2015-US-063477,1987Q1
11,932,Dermatitis,USA-USFDACVM-2015-US-015545,1987Q1
11,1057,Coagulopathy,USA-USFDACVM-2015-US-068270,1987Q1
11,984,Death,USA-USFDACVM-2015-US-068270,1987Q1
11,996,Anorexia,USA-USFDACVM-2015-US-068270,1987Q1
11,1030,Ascites,USA-USFDACVM-2015-US-068270,1987Q1
11,1024,Depression,USA-USFDACVM-2015-US-068270,1987Q1
11,2049,Elevated AST,USA-USFDACVM-2015-US-068270,1987Q1
11,2050,Elevated ALT,USA-USFDACVM-2015-US-068270,1987Q1
11,2055,Elevated SAP,USA-USFDACVM-2015-US-068270,1987Q1
11,1883,Hypoalbuminaemia,USA-USFDACVM-2015-US-068270,1987Q1
,2270,Low fibrinogen level,USA-USFDACVM-2015-US-068270,1987Q1
2,99629,"PR-LIVER, LESION(S)",USA-USFDACVM-2015-US-068270,1987Q1
11,302,Diarrhoea,-USFDACVM-2015-FN-000776,1987Q1
11,984,Death,-USFDACVM-2015-FN-000776,1987Q1
11,996,Anorexia,-USFDACVM-2015-FN-000776,1987Q1
11,1024,Depression,-USFDACVM-2015-FN-000776,1987Q1
2,99619,"PR-HEART, LESION(S)",-USFDACVM-2015-FN-000776,1987Q1
11,981,Death by euthanasia,USA-USFDACVM-2015-US-068321,1987Q1
11,2047,Elevated BUN,USA-USFDACVM-2015-US-068321,1987Q1
11,2048,Elevated creatinine,USA-USFDACVM-2015-US-068321,1987Q1
11,2050,Elevated ALT,USA-USFDACVM-2015-US-068321,1987Q1
11,2052,Elevated total bilirubin,USA-USFDACVM-2015-US-068321,1987Q1
11,2055,Elevated SAP,USA-USFDACVM-2015-US-068321,1987Q1
2,99629,"PR-LIVER, LESION(S)",USA-USFDACVM-2015-US-068321,1987Q1
11,334,Vomiting,USA-USFDACVM-2015-US-068321,1987Q1
11,1024,Depression,USA-USFDACVM-2015-US-068321,1987Q1
11,984,Death,USA-USFDACVM-2015-US-047032,1987Q1
2,99619,"PR-HEART, LESION(S)",USA-USFDACVM-2015-US-047032,1987Q1
11,984,Death,USA-USFDACVM-2015-US-047030,1987Q1
11,320,Ruminal bloat,USA-USFDACVM-2015-US-047030,1987Q1
11,984,Death,USA-USFDACVM-2015-US-063479,1987Q1
2,99654,"PR-MUSCLE(S), LESION(S)",USA-USFDACVM-2015-US-063479,1987Q1
2,99951,UNPALATABLE,-USFDACVM-2015-FN-000777,1987Q1
11,2043,Residues in milk,USA-USFDACVM-2015-US-048938,1987Q1
11,334,Vomiting,USA-USFDACVM-2015-US-068299,1987Q1
11,996,Anorexia,USA-USFDACVM-2015-US-068299,1987Q1
11,2050,Elevated ALT,USA-USFDACVM-2015-US-068299,1987Q1
11,2055,Elevated SAP,USA-USFDACVM-2015-US-068299,1987Q1
11,2269,Elevated lactic acid dehydrogenase (LDH),USA-USFDACVM-2015-US-068299,1987Q1
11,91,Injection site swelling,USA-USFDACVM-2015-US-052457,1987Q1
11,499,Icterus,USA-USFDACVM-2015-US-068316,1987Q1
11,996,Anorexia,USA-USFDACVM-2015-US-068316,1987Q1
11,2050,Elevated ALT,USA-USFDACVM-2015-US-068316,1987Q1
11,2052,Elevated total bilirubin,USA-USFDACVM-2015-US-068316,1987Q1
11,293,Hypersalivation,USA-USFDACVM-2015-US-063481,1987Q1
11,687,Trembling,USA-USFDACVM-2015-US-063481,1987Q1
11,690,Mydriasis,USA-USFDACVM-2015-US-063481,1987Q1
11,667,Loss of consciousness,USA-USFDACVM-2015-US-063481,1987Q1
11,263,Abdominal pain,USA-USFDACVM-2015-US-063250,1987Q1
11,984,Death,USA-USFDACVM-2015-US-063250,1987Q1
11,996,Anorexia,USA-USFDACVM-2015-US-063250,1987Q1
11,1208,Dehydration,USA-USFDACVM-2015-US-063250,1987Q1
11,1039,Lack of efficacy,USA-USFDACVM-2015-US-050035,1987Q1
11,315,Bloody diarrhoea,USA-USFDACVM-2015-US-068305,1987Q1
11,2049,Elevated AST,USA-USFDACVM-2015-US-068305,1987Q1
11,2050,Elevated ALT,USA-USFDACVM-2015-US-068305,1987Q1
11,1043,Weight loss,USA-USFDACVM-2015-US-068269,1987Q1
11,1024,Depression,USA-USFDACVM-2015-US-068269,1987Q1
11,2050,Elevated ALT,USA-USFDACVM-2015-US-068269,1987Q1
2,99206,BROMSULPHALEIN RETENTION HIGH,USA-USFDACVM-2015-US-068269,1987Q1
2,99629,"PR-LIVER, LESION(S)",USA-USFDACVM-2015-US-068269,1987Q1
11,560,Hypocalcaemic condition,USA-USFDACVM-2015-US-068283,1987Q1
11,2047,Elevated BUN,USA-USFDACVM-2015-US-068283,1987Q1
11,2232,Elevated amylase,USA-USFDACVM-2015-US-068283,1987Q1
11,1944,Hyperkalemic condition,USA-USFDACVM-2015-US-068283,1987Q1
11,996,Anorexia,USA-USFDACVM-2015-US-068283,1987Q1
11,1024,Depression,USA-USFDACVM-2015-US-068283,1987Q1
11,334,Vomiting,USA-USFDACVM-2015-US-068283,1987Q1
11,2050,Elevated ALT,USA-USFDACVM-2015-US-068283,1987Q1
11,2055,Elevated SAP,USA-USFDACVM-2015-US-068283,1987Q1
11,1883,Hypoalbuminaemia,USA-USFDACVM-2015-US-068283,1987Q1
11,642,Convulsion,USA-USFDACVM-2015-US-068297,1987Q1
11,2266,Elevated cholesterol (total),USA-USFDACVM-2015-US-068297,1987Q1
11,2049,Elevated AST,USA-USFDACVM-2015-US-068297,1987Q1
11,2050,Elevated ALT,USA-USFDACVM-2015-US-068297,1987Q1
11,1883,Hypoalbuminaemia,USA-USFDACVM-2015-US-068297,1987Q1
11,302,Diarrhoea,USA-USFDACVM-2015-US-069540,1987Q1
11,687,Trembling,USA-USFDACVM-2015-US-069540,1987Q1
11,690,Mydriasis,USA-USFDACVM-2015-US-069540,1987Q1
11,642,Convulsion,USA-USFDACVM-2015-US-051544,1987Q1
11,668,Collapse,USA-USFDACVM-2015-US-051544,1987Q1
11,1215,Pallor,USA-USFDACVM-2015-US-051544,1987Q1
11,293,Hypersalivation,USA-USFDACVM-2015-US-032663,1987Q1
11,984,Death,USA-USFDACVM-2015-US-032663,1987Q1
11,304,Loose stool,USA-USFDACVM-2015-US-039763,1987Q1
11,334,Vomiting,USA-USFDACVM-2015-US-039763,1987Q1
11,1019,Stupor,USA-USFDACVM-2015-US-039763,1987Q1
11,1024,Depression,USA-USFDACVM-2015-US-039763,1987Q1
11,996,Anorexia,USA-USFDACVM-2015-US-039763,1987Q1
2,99082,"INEFFECTIVE, ANESTHESIA",USA-USFDACVM-2015-US-031862,1987Q1
11,654,Ataxia,USA-USFDACVM-2015-US-031862,1987Q1
11,984,Death,USA-USFDACVM-2015-US-052701,1987Q1
11,984,Death,USA-USFDACVM-2015-US-069539,1987Q1
11,302,Diarrhoea,USA-USFDACVM-2015-US-069539,1987Q1
11,334,Vomiting,USA-USFDACVM-2015-US-069539,1987Q1
11,690,Mydriasis,USA-USFDACVM-2015-US-069539,1987Q1
11,1024,Depression,USA-USFDACVM-2015-US-069539,1987Q1
11,654,Ataxia,USA-USFDACVM-2015-US-063484,1987Q1
11,996,Anorexia,USA-USFDACVM-2015-US-063484,1987Q1
11,687,Trembling,USA-USFDACVM-2015-US-063484,1987Q1
11,984,Death,USA-USFDACVM-2015-US-063484,1987Q1
11,658,Recumbency,USA-USFDACVM-2015-US-063484,1987Q1
11,775,Abortion,USA-USFDACVM-2015-US-051911,1987Q1
11,2049,Elevated AST,USA-USFDACVM-2015-US-068267,1987Q1
11,2050,Elevated ALT,USA-USFDACVM-2015-US-068267,1987Q1
11,2055,Elevated SAP,USA-USFDACVM-2015-US-068267,1987Q1
11,334,Vomiting,USA-USFDACVM-2015-US-068267,1987Q1
11,654,Ataxia,USA-USFDACVM-2015-US-068267,1987Q1
11,687,Trembling,USA-USFDACVM-2015-US-068267,1987Q1
11,263,Abdominal pain,USA-USFDACVM-2015-US-068281,1987Q1
11,334,Vomiting,USA-USFDACVM-2015-US-068281,1987Q1
2,99629,"PR-LIVER, LESION(S)",USA-USFDACVM-2015-US-068281,1987Q1
11,775,Abortion,USA-USFDACVM-2015-US-070332,1987Q1
11,1030,Ascites,USA-USFDACVM-2015-US-068271,1987Q1
11,2049,Elevated AST,USA-USFDACVM-2015-US-068271,1987Q1
11,2050,Elevated ALT,USA-USFDACVM-2015-US-068271,1987Q1
11,334,Vomiting,USA-USFDACVM-2015-US-068272,1987Q1
11,2050,Elevated ALT,USA-USFDACVM-2015-US-068272,1987Q1
11,1883,Hypoalbuminaemia,USA-USFDACVM-2015-US-068272,1987Q1
11,302,Diarrhoea,USA-USFDACVM-2015-US-036464,1987Q1
11,1039,Lack of efficacy,USA-USFDACVM-2015-US-036464,1987Q1
11,177,Haemorrhage NOS,USA-USFDACVM-2015-US-063482,1987Q1
11,1214,Swelling NOS,USA-USFDACVM-2015-US-063482,1987Q1
11,984,Death,USA-USFDACVM-2015-US-063482,1987Q1
11,1029,Oedema NOS (see other SOCs for specific oedemas),USA-USFDACVM-2015-US-063482,1987Q1
11,334,Vomiting,USA-USFDACVM-2015-US-036760,1987Q1
11,334,Vomiting,USA-USFDACVM-2015-US-068261,1987Q1
11,403,Hyperthyroidism,USA-USFDACVM-2015-US-068261,1987Q1
11,984,Death,USA-USFDACVM-2015-US-068261,1987Q1
11,1180,Respiratory tract disorder NOS,USA-USFDACVM-2015-US-068261,1987Q1
11,560,Hypocalcaemic condition,USA-USFDACVM-2015-US-068261,1987Q1
11,1946,Hyperglycaemia,USA-USFDACVM-2015-US-068261,1987Q1
11,2232,Elevated amylase,USA-USFDACVM-2015-US-068261,1987Q1
2,99629,"PR-LIVER, LESION(S)",USA-USFDACVM-2015-US-068261,1987Q1
11,263,Abdominal pain,USA-USFDACVM-2015-US-068261,1987Q1
11,543,Polydipsia,USA-USFDACVM-2015-US-068261,1987Q1
11,718,Polyuria,USA-USFDACVM-2015-US-068261,1987Q1
11,1963,Decreased urine concentration,USA-USFDACVM-2015-US-068261,1987Q1
11,1976,Hypoproteinaemia,USA-USFDACVM-2015-US-068261,1987Q1
11,2055,Elevated SAP,USA-USFDACVM-2015-US-068261,1987Q1
11,1883,Hypoalbuminaemia,USA-USFDACVM-2015-US-068261,1987Q1
11,263,Abdominal pain,USA-USFDACVM-2015-US-070330,1987Q1
11,334,Vomiting,USA-USFDACVM-2015-US-068256,1987Q1
11,2049,Elevated AST,USA-USFDACVM-2015-US-068256,1987Q1
11,2050,Elevated ALT,USA-USFDACVM-2015-US-068256,1987Q1
11,2238,Elevated gamma-glutamyl transferase (GGT),USA-USFDACVM-2015-US-068256,1987Q1
11,791,Stillbirth,USA-USFDACVM-2015-US-070942,1987Q1
2,99673,"PR-SKIN, LESION(S)",USA-USFDACVM-2015-US-070942,1987Q1
11,932,Dermatitis,USA-USFDACVM-2015-US-070942,1987Q1
11,1310,Alopecia NOS,USA-USFDACVM-2015-US-070942,1987Q1
11,2025,Hind limb paralysis,USA-USFDACVM-2015-US-056450,1987Q1
11,91,Injection site swelling,USA-USFDACVM-2015-US-056450,1987Q1
11,984,Death,USA-USFDACVM-2015-US-056450,1987Q1
11,696,Paralysis,USA-USFDACVM-2015-US-063474,1987Q1
11,1039,Lack of efficacy,USA-USFDACVM-2015-US-036462,1987Q1
11,334,Vomiting,USA-USFDACVM-2015-US-063473,1987Q1
11,1024,Depression,USA-USFDACVM-2015-US-063473,1987Q1
11,966,Skin lesion NOS,USA-USFDACVM-2015-US-070940,1987Q1
11,1196,Scale,USA-USFDACVM-2015-US-070940,1987Q1
11,263,Abdominal pain,USA-USFDACVM-2015-US-070331,1987Q1
11,334,Vomiting,USA-USFDACVM-2015-US-068279,1987Q1
11,543,Polydipsia,USA-USFDACVM-2015-US-068279,1987Q1
11,718,Polyuria,USA-USFDACVM-2015-US-068279,1987Q1
11,116,Behavioural disorder NOS,USA-USFDACVM-2015-US-068279,1987Q1
11,1024,Depression,USA-USFDACVM-2015-US-068279,1987Q1
11,2049,Elevated AST,USA-USFDACVM-2015-US-068279,1987Q1
11,2050,Elevated ALT,USA-USFDACVM-2015-US-068279,1987Q1
11,2052,Elevated total bilirubin,USA-USFDACVM-2015-US-068279,1987Q1
2,99366,"UROBILINOGEN HIGH, URINE",USA-USFDACVM-2015-US-068279,1987Q1
2,99629,"PR-LIVER, LESION(S)",USA-USFDACVM-2015-US-068279,1987Q1
11,1027,Malaise,USA-USFDACVM-2015-US-068260,1987Q1
11,334,Vomiting,USA-USFDACVM-2015-US-068260,1987Q1
11,996,Anorexia,USA-USFDACVM-2015-US-068260,1987Q1
11,2049,Elevated AST,USA-USFDACVM-2015-US-068260,1987Q1
11,2050,Elevated ALT,USA-USFDACVM-2015-US-068260,1987Q1
11,2052,Elevated total bilirubin,USA-USFDACVM-2015-US-068260,1987Q1
11,2055,Elevated SAP,USA-USFDACVM-2015-US-068260,1987Q1
11,2269,Elevated lactic acid dehydrogenase (LDH),USA-USFDACVM-2015-US-068260,1987Q1
11,2154,Hyperalbuminaemia,USA-USFDACVM-2015-US-068260,1987Q1
2,99363,"URIC ACID HIGH, BLD",USA-USFDACVM-2015-US-068260,1987Q1
11,304,Loose stool,USA-USFDACVM-2015-US-069542,1987Q1
11,334,Vomiting,USA-USFDACVM-2015-US-052698,1987Q1
11,334,Vomiting,USA-USFDACVM-2015-US-059893,1987Q1
11,315,Bloody diarrhoea,USA-USFDACVM-2015-US-059893,1987Q1
11,984,Death,USA-USFDACVM-2015-US-059893,1987Q1
11,293,Hypersalivation,USA-USFDACVM-2015-US-068262,1987Q1
11,668,Collapse,USA-USFDACVM-2015-US-068262,1987Q1
11,365,Deafness,USA-USFDACVM-2015-US-036520,1987Q1
11,91,Injection site swelling,USA-USFDACVM-2015-US-063475,1987Q1
11,984,Death,USA-USFDACVM-2015-US-063475,1987Q1
11,302,Diarrhoea,USA-USFDACVM-2015-US-066288,1987Q1
11,334,Vomiting,USA-USFDACVM-2015-US-066288,1987Q1
11,984,Death,USA-USFDACVM-2015-US-066288,1987Q1
2,99136,"INEFFECTIVE, PINWORMS",USA-USFDACVM-2015-US-065794,1987Q1
2,99151,"INEFFECTIVE, STRONGYLES",USA-USFDACVM-2015-US-065794,1987Q1
2,99620,PR-HEARTWORM DISEASE,-USFDACVM-2015-FN-003145,1987Q1
11,996,Anorexia,-USFDACVM-2015-FN-003145,1987Q1
11,1024,Depression,-USFDACVM-2015-FN-003145,1987Q1
11,642,Convulsion,-USFDACVM-2015-FN-003145,1987Q1
11,984,Death,-USFDACVM-2015-FN-003145,1987Q1
11,1947,Hypoglycaemia,USA-USFDACVM-2015-US-068289,1987Q1
11,2048,Elevated creatinine,USA-USFDACVM-2015-US-068289,1987Q1
11,1944,Hyperkalemic condition,USA-USFDACVM-2015-US-068289,1987Q1
11,2046,Hyperphosphataemia,USA-USFDACVM-2015-US-068289,1987Q1
2,99629,"PR-LIVER, LESION(S)",USA-USFDACVM-2015-US-068289,1987Q1
11,334,Vomiting,USA-USFDACVM-2015-US-068289,1987Q1
11,996,Anorexia,USA-USFDACVM-2015-US-068289,1987Q1
11,2050,Elevated ALT,USA-USFDACVM-2015-US-068289,1987Q1
11,2052,Elevated total bilirubin,USA-USFDACVM-2015-US-068289,1987Q1
11,2055,Elevated SAP,USA-USFDACVM-2015-US-068289,1987Q1
11,142,Anaemia NOS,USA-USFDACVM-2015-US-068309,1987Q1
11,163,Leucocytosis,USA-USFDACVM-2015-US-068309,1987Q1
11,499,Icterus,USA-USFDACVM-2015-US-068309,1987Q1
11,996,Anorexia,USA-USFDACVM-2015-US-068309,1987Q1
11,1024,Depression,USA-USFDACVM-2015-US-068309,1987Q1
11,1896,Immune mediated haemolytic anaemia,USA-USFDACVM-2015-US-068309,1987Q1
11,1967,Haematuria,USA-USFDACVM-2015-US-068309,1987Q1
2,99189,"BANDS(NEUTROPHILS) HIGH, BLOOD",USA-USFDACVM-2015-US-068309,1987Q1
11,2050,Elevated ALT,USA-USFDACVM-2015-US-068295,1987Q1
11,2055,Elevated SAP,USA-USFDACVM-2015-US-068295,1987Q1
11,981,Death by euthanasia,USA-USFDACVM-2015-US-068295,1987Q1
2,99629,"PR-LIVER, LESION(S)",USA-USFDACVM-2015-US-068295,1987Q1
11,2050,Elevated ALT,USA-USFDACVM-2015-US-068287,1987Q1
11,2055,Elevated SAP,USA-USFDACVM-2015-US-068287,1987Q1
11,1043,Weight loss,USA-USFDACVM-2015-US-068293,1987Q1
11,1024,Depression,USA-USFDACVM-2015-US-068293,1987Q1
11,2049,Elevated AST,USA-USFDACVM-2015-US-068293,1987Q1
11,2050,Elevated ALT,USA-USFDACVM-2015-US-068293,1987Q1
11,2052,Elevated total bilirubin,USA-USFDACVM-2015-US-068293,1987Q1
11,2055,Elevated SAP,USA-USFDACVM-2015-US-068293,1987Q1
11,142,Anaemia NOS,USA-USFDACVM-2015-US-017759,1987Q1
11,499,Icterus,USA-USFDACVM-2015-US-017759,1987Q1
11,2049,Elevated AST,USA-USFDACVM-2015-US-017759,1987Q1
11,2050,Elevated ALT,USA-USFDACVM-2015-US-017759,1987Q1
11,2052,Elevated total bilirubin,USA-USFDACVM-2015-US-017759,1987Q1
11,293,Hypersalivation,USA-USFDACVM-2015-US-036565,1987Q1
11,334,Vomiting,USA-USFDACVM-2015-US-036565,1987Q1
11,1888,Regurgitation,USA-USFDACVM-2015-US-036565,1987Q1
11,642,Convulsion,USA-USFDACVM-2015-US-052453,1987Q1
11,1023,Weakness,-USFDACVM-2015-FN-003147,1987Q1
11,996,Anorexia,-USFDACVM-2015-FN-003147,1987Q1
11,2048,Elevated creatinine,USA-USFDACVM-2015-US-068317,1987Q1
11,2266,Elevated cholesterol (total),USA-USFDACVM-2015-US-068317,1987Q1
11,334,Vomiting,USA-USFDACVM-2015-US-068317,1987Q1
11,499,Icterus,USA-USFDACVM-2015-US-068317,1987Q1
11,996,Anorexia,USA-USFDACVM-2015-US-068317,1987Q1
11,2050,Elevated ALT,USA-USFDACVM-2015-US-068317,1987Q1
11,2055,Elevated SAP,USA-USFDACVM-2015-US-068317,1987Q1
